"categoryId","categoryTitle","chargeId","chargeCode","degreeCode","chargeTitle","degreeId","degreeLabel","classification","tags","liabilityId","liabilityLabel","liabilityFineMultiplier","liabilityTimeMultiplier","baseFine","baseTime","baseSeverity","minFine","minTime","minSeverity","maxFine","maxTime","maxSeverity","mitigatingAppliedForMin","aggravatingAppliedForMax","modifierIds"
"offenses-against-persons","Offenses Against Persons","assault","EF-PC-01-001","EF-PC-01-001-A","Assault","assault","Assault","misdemeanor","misdemeanor;person;victim-specific;violent","principal","Principal Actor","1","1","200","5","64.14","120","1","20.95","700","13","156.46","cooperation;minor-injury;voluntary-surrender;first-offense","public-servant-victim;multiple-victims;prior-conviction:ten-plus-priors","public-servant-victim;cooperation;minor-injury;multiple-victims;prior-conviction;voluntary-surrender;first-offense"
"offenses-against-persons","Offenses Against Persons","assault","EF-PC-01-001","EF-PC-01-001-A","Assault","assault","Assault","misdemeanor","misdemeanor;person;victim-specific;violent","accessory","Accessory","0.4","0.5","80","3","33.94","48","0","6.93","280","9","106.73","cooperation;minor-injury;voluntary-surrender;first-offense","public-servant-victim;multiple-victims;prior-conviction:ten-plus-priors","public-servant-victim;cooperation;minor-injury;multiple-victims;prior-conviction;voluntary-surrender;first-offense"
"offenses-against-persons","Offenses Against Persons","assault","EF-PC-01-001","EF-PC-01-001-B","Assault","aggravated-assault","Aggravated Assault","felony","felony;person;victim-specific;violent","principal","Principal Actor","1","1","325","15","168.03","195","6","73.96","1922","44","483.84","cooperation;medical-aid-rendered;voluntary-surrender;first-offense","public-servant-victim;firearm-discharged;multiple-victims;prior-conviction:ten-plus-priors;on-release","public-servant-victim;cooperation;firearm-discharged;multiple-victims;medical-aid-rendered;prior-conviction;on-release;voluntary-surrender;first-offense"
"offenses-against-persons","Offenses Against Persons","battery","EF-PC-01-002","EF-PC-01-002-A","Battery","battery","Battery","misdemeanor","misdemeanor;person;victim-specific;violent","principal","Principal Actor","1","1","275","15","166.58","165","5","62.85","963","27","301.03","cooperation;minor-injury;medical-aid-rendered;voluntary-surrender;first-offense","public-servant-victim;multiple-victims;prior-conviction:ten-plus-priors","public-servant-victim;cooperation;minor-injury;multiple-victims;medical-aid-rendered;prior-conviction;voluntary-surrender;first-offense"
"offenses-against-persons","Offenses Against Persons","battery","EF-PC-01-002","EF-PC-01-002-B","Battery","aggravated-battery","Aggravated Battery","felony","felony;person;victim-specific;violent","principal","Principal Actor","1","1","375","20","219.36","225","8","95","2141","51","556.27","cooperation;medical-aid-rendered;voluntary-surrender;first-offense","public-servant-victim;firearm-discharged;multiple-victims;prior-conviction:ten-plus-priors;on-release","public-servant-victim;cooperation;multiple-victims;medical-aid-rendered;prior-conviction;voluntary-surrender;first-offense;firearm-discharged;on-release"
"offenses-against-persons","Offenses Against Persons","manslaughter","EF-PC-01-003","EF-PC-01-003-A","Manslaughter","involuntary-manslaughter","Involuntary Manslaughter","felony","felony;homicide;person;victim-specific;violent","principal","Principal Actor","1","1","750","20","227.39","450","8","101.21","1313","29","326.24","cooperation;medical-aid-rendered;voluntary-surrender;first-offense","multiple-victims;prior-conviction:ten-plus-priors","cooperation;multiple-victims;medical-aid-rendered;prior-conviction;voluntary-surrender;first-offense"
"offenses-against-persons","Offenses Against Persons","manslaughter","EF-PC-01-003","EF-PC-01-003-B","Manslaughter","vehicular-manslaughter","Vehicular Manslaughter","felony","felony;homicide;person;victim-specific;violent","principal","Principal Actor","1","1","750","25","277.39","450","10","121.21","1313","35","386.24","cooperation;medical-aid-rendered;voluntary-surrender;first-offense","multiple-victims;prior-conviction:ten-plus-priors","cooperation;multiple-victims;medical-aid-rendered;prior-conviction;voluntary-surrender;first-offense"
"offenses-against-persons","Offenses Against Persons","murder","EF-PC-01-004","EF-PC-01-004-A","Murder","second-degree-murder","Second Degree Murder","felony","felony;homicide;person;victim-specific;violent","principal","Principal Actor","1","1","3000","50","554.77","1530","17","209.12","13625","94","1056.73","cooperation;medical-aid-rendered;minimal-participation;voluntary-surrender;first-offense","public-servant-victim;firearm-discharged;multiple-victims;prior-conviction:ten-plus-priors;on-release","public-servant-victim;cooperation;multiple-victims;firearm-discharged;medical-aid-rendered;prior-conviction;on-release;minimal-participation;voluntary-surrender;first-offense"
"offenses-against-persons","Offenses Against Persons","murder","EF-PC-01-004","EF-PC-01-004-A","Murder","second-degree-murder","Second Degree Murder","felony","felony;homicide;person;victim-specific;violent","accessory","Accessory","0.2857","0.625","857","31","341.78","437","11","130.9","4250","67","735.19","cooperation;medical-aid-rendered;minimal-participation;voluntary-surrender;first-offense","public-servant-victim;firearm-discharged;multiple-victims;prior-conviction:ten-plus-priors;on-release","public-servant-victim;cooperation;multiple-victims;firearm-discharged;medical-aid-rendered;prior-conviction;on-release;minimal-participation;voluntary-surrender;first-offense"
"offenses-against-persons","Offenses Against Persons","murder","EF-PC-01-004","EF-PC-01-004-A","Murder","second-degree-murder","Second Degree Murder","felony","felony;homicide;person;victim-specific;violent","attempted","Attempted","0.86","0.75","2580","38","425.79","1316","13","166.28","11788","76","868.57","cooperation;medical-aid-rendered;minimal-participation;voluntary-surrender;first-offense","public-servant-victim;firearm-discharged;multiple-victims;prior-conviction:ten-plus-priors;on-release","public-servant-victim;cooperation;multiple-victims;firearm-discharged;medical-aid-rendered;prior-conviction;on-release;minimal-participation;voluntary-surrender;first-offense"
"offenses-against-persons","Offenses Against Persons","murder","EF-PC-01-004","EF-PC-01-004-A","Murder","second-degree-murder","Second Degree Murder","felony","felony;homicide;person;victim-specific;violent","conspiracy","Conspiracy","0.9","0.9","2700","45","501.96","1377","16","197.11","12313","87","980.96","cooperation;medical-aid-rendered;minimal-participation;voluntary-surrender;first-offense","public-servant-victim;firearm-discharged;multiple-victims;prior-conviction:ten-plus-priors;on-release","public-servant-victim;cooperation;multiple-victims;firearm-discharged;medical-aid-rendered;prior-conviction;on-release;minimal-participation;voluntary-surrender;first-offense"
"offenses-against-persons","Offenses Against Persons","murder","EF-PC-01-004","EF-PC-01-004-B","Murder","first-degree-murder","First Degree Murder","felony","felony;homicide;person;victim-specific;violent","principal","Principal Actor","1","1","4000","65","713.25","2040","23","275.17","18000","116","1294.16","cooperation;medical-aid-rendered;minimal-participation;voluntary-surrender;first-offense","public-servant-victim;firearm-discharged;multiple-victims;prior-conviction:ten-plus-priors;on-release","public-servant-victim;cooperation;multiple-victims;firearm-discharged;medical-aid-rendered;prior-conviction;on-release;minimal-participation;voluntary-surrender;first-offense"
"offenses-against-persons","Offenses Against Persons","murder","EF-PC-01-004","EF-PC-01-004-B","Murder","first-degree-murder","First Degree Murder","felony","felony;homicide;person;victim-specific;violent","accessory","Accessory","0.6","0.7","2400","46","503.99","1224","16","194.99","11000","88","984.88","cooperation;medical-aid-rendered;minimal-participation;voluntary-surrender;first-offense","public-servant-victim;firearm-discharged;multiple-victims;prior-conviction:ten-plus-priors;on-release","public-servant-victim;cooperation;multiple-victims;firearm-discharged;medical-aid-rendered;prior-conviction;on-release;minimal-participation;voluntary-surrender;first-offense"
"offenses-against-persons","Offenses Against Persons","murder","EF-PC-01-004","EF-PC-01-004-B","Murder","first-degree-murder","First Degree Murder","felony","felony;homicide;person;victim-specific;violent","attempted","Attempted","0.85","0.75","3400","49","545.81","1734","17","211.64","15375","92","1044","cooperation;medical-aid-rendered;minimal-participation;voluntary-surrender;first-offense","public-servant-victim;firearm-discharged;multiple-victims;prior-conviction:ten-plus-priors;on-release","public-servant-victim;cooperation;multiple-victims;firearm-discharged;medical-aid-rendered;prior-conviction;on-release;minimal-participation;voluntary-surrender;first-offense"
"offenses-against-persons","Offenses Against Persons","murder","EF-PC-01-004","EF-PC-01-004-B","Murder","first-degree-murder","First Degree Murder","felony","felony;homicide;person;victim-specific;violent","conspiracy","Conspiracy","0.9","0.9","3600","59","645","1836","20","242.85","16250","106","1187.48","cooperation;medical-aid-rendered;minimal-participation;voluntary-surrender;first-offense","public-servant-victim;firearm-discharged;multiple-victims;prior-conviction:ten-plus-priors;on-release","public-servant-victim;cooperation;multiple-victims;firearm-discharged;medical-aid-rendered;prior-conviction;on-release;minimal-participation;voluntary-surrender;first-offense"
"offenses-against-persons","Offenses Against Persons","unlawful-imprisonment","EF-PC-01-005","EF-PC-01-005-A","Unlawful Imprisonment","unlawful-imprisonment","Unlawful Imprisonment","misdemeanor","misdemeanor;person;victim-specific","principal","Principal Actor","1","1","300","1","27.32","180","0","13.42","1050","7","102.4","cooperation;voluntary-surrender;first-offense","public-servant-victim;multiple-victims;prior-conviction:ten-plus-priors","public-servant-victim;cooperation;multiple-victims;prior-conviction;voluntary-surrender;first-offense"
"offenses-against-persons","Offenses Against Persons","kidnapping-and-hostage-taking","EF-PC-01-006","EF-PC-01-006-A","Kidnapping and Hostage Taking","kidnapping","Kidnapping","felony","felony;person;victim-specific;violent","principal","Principal Actor","1","1","1500","25","288.73","765","9","117.66","7063","58","664.04","cooperation;medical-aid-rendered;minimal-participation;voluntary-surrender;first-offense","public-servant-victim;firearm-discharged;multiple-victims;prior-conviction:ten-plus-priors;on-release","public-servant-victim;cooperation;multiple-victims;firearm-discharged;medical-aid-rendered;prior-conviction;on-release;minimal-participation;voluntary-surrender;first-offense"
"offenses-against-persons","Offenses Against Persons","kidnapping-and-hostage-taking","EF-PC-01-006","EF-PC-01-006-A","Kidnapping and Hostage Taking","kidnapping","Kidnapping","felony","felony;person;victim-specific;violent","attempted","Attempted","0.6","0.6","900","15","180","459","5","71.42","4438","44","506.62","cooperation;medical-aid-rendered;minimal-participation;voluntary-surrender;first-offense","public-servant-victim;firearm-discharged;multiple-victims;prior-conviction:ten-plus-priors;on-release","public-servant-victim;cooperation;multiple-victims;firearm-discharged;medical-aid-rendered;prior-conviction;on-release;minimal-participation;voluntary-surrender;first-offense"
"offenses-against-persons","Offenses Against Persons","kidnapping-and-hostage-taking","EF-PC-01-006","EF-PC-01-006-A","Kidnapping and Hostage Taking","kidnapping","Kidnapping","felony","felony;person;victim-specific;violent","accessory","Accessory","0.3","0.4667","450","12","137.89","230","4","55.17","2469","39","439.69","cooperation;medical-aid-rendered;minimal-participation;voluntary-surrender;first-offense","public-servant-victim;firearm-discharged;multiple-victims;prior-conviction:ten-plus-priors;on-release","public-servant-victim;cooperation;multiple-victims;firearm-discharged;medical-aid-rendered;prior-conviction;on-release;minimal-participation;voluntary-surrender;first-offense"
"offenses-against-persons","Offenses Against Persons","kidnapping-and-hostage-taking","EF-PC-01-006","EF-PC-01-006-A","Kidnapping and Hostage Taking","kidnapping","Kidnapping","felony","felony;person;victim-specific;violent","conspiracy","Conspiracy","0.9","0.9","1350","23","261.74","689","8","106.25","6406","55","630.04","cooperation;medical-aid-rendered;minimal-participation;voluntary-surrender;first-offense","public-servant-victim;firearm-discharged;multiple-victims;prior-conviction:ten-plus-priors;on-release","public-servant-victim;cooperation;multiple-victims;firearm-discharged;medical-aid-rendered;prior-conviction;on-release;minimal-participation;voluntary-surrender;first-offense"
"offenses-against-persons","Offenses Against Persons","kidnapping-and-hostage-taking","EF-PC-01-006","EF-PC-01-006-B","Kidnapping and Hostage Taking","hostage-taking","Hostage Taking","felony","commercial;economic;felony;government;person;victim-specific;violent","principal","Principal Actor","1","1","2250","35","397.43","1148","12","153.88","10344","73","831.71","cooperation;medical-aid-rendered;minimal-participation;voluntary-surrender;first-offense","public-servant-victim;firearm-discharged;multiple-victims;prior-conviction:ten-plus-priors;on-release","public-servant-victim;cooperation;multiple-victims;firearm-discharged;medical-aid-rendered;prior-conviction;on-release;minimal-participation;voluntary-surrender;first-offense"
"offenses-against-persons","Offenses Against Persons","kidnapping-and-hostage-taking","EF-PC-01-006","EF-PC-01-006-B","Kidnapping and Hostage Taking","hostage-taking","Hostage Taking","felony","commercial;economic;felony;government;person;victim-specific;violent","attempted","Attempted","0.6","0.6","1350","21","246.74","689","7","96.25","6406","52","600.04","cooperation;medical-aid-rendered;minimal-participation;voluntary-surrender;first-offense","public-servant-victim;firearm-discharged;multiple-victims;prior-conviction:ten-plus-priors;on-release","public-servant-victim;cooperation;multiple-victims;firearm-discharged;medical-aid-rendered;prior-conviction;on-release;minimal-participation;voluntary-surrender;first-offense"
"offenses-against-persons","Offenses Against Persons","kidnapping-and-hostage-taking","EF-PC-01-006","EF-PC-01-006-B","Kidnapping and Hostage Taking","hostage-taking","Hostage Taking","felony","commercial;economic;felony;government;person;victim-specific;violent","accessory","Accessory","0.2","0.5","450","18","196.21","230","6","75.17","2469","47","519.69","cooperation;medical-aid-rendered;minimal-participation;voluntary-surrender;first-offense","public-servant-victim;firearm-discharged;multiple-victims;prior-conviction:ten-plus-priors;on-release","public-servant-victim;cooperation;multiple-victims;firearm-discharged;medical-aid-rendered;prior-conviction;on-release;minimal-participation;voluntary-surrender;first-offense"
"offenses-against-persons","Offenses Against Persons","kidnapping-and-hostage-taking","EF-PC-01-006","EF-PC-01-006-B","Kidnapping and Hostage Taking","hostage-taking","Hostage Taking","felony","commercial;economic;felony;government;person;victim-specific;violent","conspiracy","Conspiracy","0.9","0.9","2025","32","360","1033","11","142.14","9359","68","776.74","cooperation;medical-aid-rendered;minimal-participation;voluntary-surrender;first-offense","public-servant-victim;firearm-discharged;multiple-victims;prior-conviction:ten-plus-priors;on-release","public-servant-victim;cooperation;multiple-victims;firearm-discharged;medical-aid-rendered;prior-conviction;on-release;minimal-participation;voluntary-surrender;first-offense"
"offenses-against-persons","Offenses Against Persons","criminal-threats","EF-PC-01-007","EF-PC-01-007-A","Criminal Threats","criminal-threats","Criminal Threats","misdemeanor","homicide;misdemeanor;person;victim-specific;violent","principal","Principal Actor","1","1","200","1","24.14","120","0","10.95","700","7","96.46","cooperation;voluntary-surrender;first-offense","public-servant-victim;multiple-victims;prior-conviction:ten-plus-priors","public-servant-victim;cooperation;multiple-victims;prior-conviction;voluntary-surrender;first-offense"
"offenses-against-persons","Offenses Against Persons","reckless-endangerment","EF-PC-01-008","EF-PC-01-008-A","Reckless Endangerment","reckless-endangerment","Reckless Endangerment","misdemeanor","misdemeanor;person;victim-specific","principal","Principal Actor","1","1","175","10","113.23","105","3","40.25","880","37","399.66","cooperation;minor-injury;medical-aid-rendered;voluntary-surrender;first-offense","public-servant-victim;firearm-discharged;multiple-victims;occupied-structure-or-vehicle;prior-conviction:ten-plus-priors","public-servant-victim;cooperation;minor-injury;multiple-victims;firearm-discharged;occupied-structure-or-vehicle;medical-aid-rendered;prior-conviction;voluntary-surrender;first-offense"
"offenses-against-persons","Offenses Against Persons","domestic-violence","EF-PC-01-009","EF-PC-01-009-A","Domestic Violence","domestic-violence","Domestic Violence","misdemeanor","misdemeanor;person;victim-specific;violent","principal","Principal Actor","1","1","275","15","166.58","165","5","62.85","602","27","294.54","cooperation;minor-injury;medical-aid-rendered;voluntary-surrender;first-offense","weapon-used;multiple-victims;prior-conviction:ten-plus-priors","cooperation;minor-injury;weapon-used;multiple-victims;medical-aid-rendered;prior-conviction;voluntary-surrender;first-offense"
"offenses-against-persons","Offenses Against Persons","desecration-of-a-human-corpse","EF-PC-01-010","EF-PC-01-010-A","Desecration of a Human Corpse","desecration-of-a-human-corpse","Desecration of a Human Corpse","felony","felony;homicide;person;property-damage;victim-specific;violent","principal","Principal Actor","1","1","1000","30","331.62","600","14","164.49","1750","35","391.83","cooperation;voluntary-surrender;first-offense","prior-conviction:ten-plus-priors","cooperation;prior-conviction;voluntary-surrender;first-offense"
"offenses-against-persons","Offenses Against Persons","torture","EF-PC-01-011","EF-PC-01-011-A","Torture","torture","Torture","felony","felony;person;victim-specific;violent","principal","Principal Actor","1","1","3000","40","454.77","1800","16","202.43","5750","57","645.83","cooperation;medical-aid-rendered;voluntary-surrender;first-offense","multiple-victims;prior-conviction:ten-plus-priors;on-release","cooperation;multiple-victims;medical-aid-rendered;prior-conviction;voluntary-surrender;first-offense;on-release"
"offenses-involving-theft","Offenses Involving Theft","theft-by-property-value","EF-PC-02-001","EF-PC-02-001-A","Theft by Property Value","petty-theft","Petty Theft","infraction","infraction;property;theft","principal","Principal Actor","1","1","400","0","20","75","0","8.66","400","0","20","restitution-made;citation-discretion","","restitution-made;citation-discretion"
"offenses-involving-theft","Offenses Involving Theft","theft-by-property-value","EF-PC-02-001","EF-PC-02-001-B","Theft by Property Value","grand-theft","Grand Theft","misdemeanor","firearm-related;misdemeanor;property;theft;weapon-related","principal","Principal Actor","1","1","850","10","129.15","510","5","72.58","2231","17","217.23","cooperation;voluntary-surrender;first-offense","organized-activity;prior-conviction:ten-plus-priors","cooperation;organized-activity;prior-conviction;voluntary-surrender;first-offense"
"offenses-involving-theft","Offenses Involving Theft","theft-by-property-value","EF-PC-02-001","EF-PC-02-001-C","Theft by Property Value","grand-larceny","Grand Larceny","felony","felony;property;theft","principal","Principal Actor","1","1","1000","25","281.62","600","12","144.49","3125","48","535.9","cooperation;voluntary-surrender;first-offense","organized-activity;prior-conviction:ten-plus-priors;on-release","cooperation;organized-activity;prior-conviction;on-release;voluntary-surrender;first-offense"
"offenses-involving-theft","Offenses Involving Theft","vehicle-theft","EF-PC-02-002","EF-PC-02-002-A","Vehicle Theft","grand-theft-auto-a","Grand Theft Auto A","misdemeanor","misdemeanor;property;theft","principal","Principal Actor","1","1","750","10","127.39","450","5","71.21","1969","17","214.37","cooperation;voluntary-surrender;first-offense","organized-activity;prior-conviction:ten-plus-priors","cooperation;organized-activity;prior-conviction;voluntary-surrender;first-offense"
"offenses-involving-theft","Offenses Involving Theft","vehicle-theft","EF-PC-02-002","EF-PC-02-002-A","Vehicle Theft","grand-theft-auto-a","Grand Theft Auto A","misdemeanor","misdemeanor;property;theft","accessory","Accessory","0.4","0.5","300","5","67.32","180","2","33.42","788","9","118.07","cooperation;voluntary-surrender;first-offense","organized-activity;prior-conviction:ten-plus-priors","cooperation;organized-activity;prior-conviction;voluntary-surrender;first-offense"
"offenses-involving-theft","Offenses Involving Theft","vehicle-theft","EF-PC-02-002","EF-PC-02-002-B","Vehicle Theft","grand-theft-auto-b","Grand Theft Auto B","felony","felony;property;public-safety;theft;weapon-related","principal","Principal Actor","1","1","1000","20","231.62","600","10","124.49","3781","48","541.49","cooperation;voluntary-surrender;first-offense","weapon-used;organized-activity;prior-conviction:ten-plus-priors;on-release","cooperation;organized-activity;weapon-used;prior-conviction;on-release;voluntary-surrender;first-offense"
"offenses-involving-theft","Offenses Involving Theft","vehicle-theft","EF-PC-02-002","EF-PC-02-002-B","Vehicle Theft","grand-theft-auto-b","Grand Theft Auto B","felony","felony;property;public-safety;theft;weapon-related","accessory","Accessory","0.4","0.5","400","10","120","240","5","65.49","1813","27","312.58","cooperation;voluntary-surrender;first-offense","weapon-used;organized-activity;prior-conviction:ten-plus-priors;on-release","cooperation;organized-activity;weapon-used;prior-conviction;on-release;voluntary-surrender;first-offense"
"offenses-involving-theft","Offenses Involving Theft","vehicle-theft","EF-PC-02-002","EF-PC-02-002-C","Vehicle Theft","carjacking","Carjacking","felony","felony;property;theft;violent","principal","Principal Actor","1","1","1500","30","338.73","713","12","146.7","10344","96","1061.71","cooperation;medical-aid-rendered;restitution-made;voluntary-surrender;first-offense","public-servant-victim;firearm-discharged;multiple-victims;organized-activity;prior-conviction:ten-plus-priors;on-release","public-servant-victim;cooperation;restitution-made;organized-activity;multiple-victims;firearm-discharged;medical-aid-rendered;prior-conviction;on-release;voluntary-surrender;first-offense"
"offenses-involving-theft","Offenses Involving Theft","vehicle-theft","EF-PC-02-002","EF-PC-02-002-C","Vehicle Theft","carjacking","Carjacking","felony","felony;property;theft;violent","attempted","Attempted","0.6","0.6","900","18","210","353","7","88.79","6406","70","780.04","cooperation;medical-aid-rendered;restitution-made;voluntary-surrender;first-offense","public-servant-victim;firearm-discharged;multiple-victims;organized-activity;prior-conviction:ten-plus-priors;on-release","public-servant-victim;cooperation;restitution-made;organized-activity;multiple-victims;firearm-discharged;medical-aid-rendered;prior-conviction;on-release;voluntary-surrender;first-offense"
"offenses-involving-theft","Offenses Involving Theft","vehicle-theft","EF-PC-02-002","EF-PC-02-002-D","Vehicle Theft","theft-of-an-aircraft","Theft of an Aircraft","felony","felony;property;public-safety;theft","principal","Principal Actor","1","1","5000","35","420.71","2813","17","223.04","13625","65","766.73","cooperation;restitution-made;voluntary-surrender;first-offense","organized-activity;prior-conviction:ten-plus-priors;on-release","cooperation;restitution-made;organized-activity;prior-conviction;on-release;voluntary-surrender;first-offense"
"offenses-involving-theft","Offenses Involving Theft","vehicle-theft","EF-PC-02-002","EF-PC-02-002-D","Vehicle Theft","theft-of-an-aircraft","Theft of an Aircraft","felony","felony;property;public-safety;theft","attempted","Attempted","0.6","0.6","3000","21","264.77","1613","10","140.16","8375","41","501.52","cooperation;restitution-made;voluntary-surrender;first-offense","organized-activity;prior-conviction:ten-plus-priors;on-release","cooperation;restitution-made;organized-activity;prior-conviction;on-release;voluntary-surrender;first-offense"
"offenses-involving-theft","Offenses Involving Theft","vehicle-theft","EF-PC-02-002","EF-PC-02-002-E","Vehicle Theft","theft-of-a-law-enforcement-vehicle","Theft of a Law Enforcement Vehicle","felony","felony;government;property;theft","principal","Principal Actor","1","1","10000","40","500","5813","19","266.24","26750","74","903.55","cooperation;restitution-made;voluntary-surrender;first-offense","organized-activity;prior-conviction:ten-plus-priors;on-release","cooperation;restitution-made;organized-activity;prior-conviction;on-release;voluntary-surrender;first-offense"
"offenses-involving-theft","Offenses Involving Theft","vehicle-theft","EF-PC-02-002","EF-PC-02-002-E","Vehicle Theft","theft-of-a-law-enforcement-vehicle","Theft of a Law Enforcement Vehicle","felony","felony;government;property;theft","attempted","Attempted","0.75","0.6","7500","24","326.6","4313","12","185.67","20188","46","602.08","cooperation;restitution-made;voluntary-surrender;first-offense","organized-activity;prior-conviction:ten-plus-priors;on-release","cooperation;restitution-made;organized-activity;prior-conviction;on-release;voluntary-surrender;first-offense"
"offenses-involving-theft","Offenses Involving Theft","burglary","EF-PC-02-003","EF-PC-02-003-A","Burglary","burglary","Burglary","misdemeanor","misdemeanor;property;theft","principal","Principal Actor","1","1","500","10","122.36","113","5","60.63","5688","17","245.42","cooperation;restitution-made;voluntary-surrender;first-offense","organized-activity;high-value-loss;prior-conviction:ten-plus-priors","cooperation;restitution-made;organized-activity;high-value-loss;prior-conviction;voluntary-surrender;first-offense"
"offenses-involving-theft","Offenses Involving Theft","burglary","EF-PC-02-003","EF-PC-02-003-B","Burglary","aggravated-burglary","Aggravated Burglary","felony","felony;property;public-safety;theft","principal","Principal Actor","1","1","1000","25","281.62","413","12","140.32","9305","73","826.46","cooperation;restitution-made;voluntary-surrender;first-offense","weapon-used;multiple-victims;organized-activity;high-value-loss;occupied-structure-or-vehicle;prior-conviction:ten-plus-priors;on-release","cooperation;restitution-made;organized-activity;high-value-loss;occupied-structure-or-vehicle;weapon-used;multiple-victims;prior-conviction;on-release;voluntary-surrender;first-offense"
"offenses-involving-theft","Offenses Involving Theft","robbery","EF-PC-02-004","EF-PC-02-004-A","Robbery","robbery","Robbery","felony","felony;property;theft;violent","principal","Principal Actor","1","1","1000","30","331.62","351","10","118.73","8703","112","1213.29","cooperation;medical-aid-rendered;restitution-made;minimal-participation;voluntary-surrender;first-offense","public-servant-victim;weapon-used;firearm-discharged;multiple-victims;organized-activity;prior-conviction:ten-plus-priors;on-release","public-servant-victim;cooperation;restitution-made;organized-activity;weapon-used;firearm-discharged;multiple-victims;medical-aid-rendered;prior-conviction;minimal-participation;on-release;voluntary-surrender;first-offense"
"offenses-involving-theft","Offenses Involving Theft","robbery","EF-PC-02-004","EF-PC-02-004-A","Robbery","robbery","Robbery","felony","felony;property;theft;violent","attempted","Attempted","0.6","0.6","600","18","204.49","147","6","72.12","5422","79","863.63","cooperation;medical-aid-rendered;restitution-made;minimal-participation;voluntary-surrender;first-offense","public-servant-victim;weapon-used;firearm-discharged;multiple-victims;organized-activity;prior-conviction:ten-plus-priors;on-release","public-servant-victim;cooperation;restitution-made;organized-activity;weapon-used;firearm-discharged;multiple-victims;medical-aid-rendered;prior-conviction;minimal-participation;on-release;voluntary-surrender;first-offense"
"offenses-involving-theft","Offenses Involving Theft","robbery","EF-PC-02-004","EF-PC-02-004-A","Robbery","robbery","Robbery","felony","felony;property;theft;violent","accessory","Accessory","0.2","0.48","200","14","158.14","0","5","50","2141","70","746.27","cooperation;medical-aid-rendered;restitution-made;minimal-participation;voluntary-surrender;first-offense","public-servant-victim;weapon-used;firearm-discharged;multiple-victims;organized-activity;prior-conviction:ten-plus-priors;on-release","public-servant-victim;cooperation;restitution-made;organized-activity;weapon-used;firearm-discharged;multiple-victims;medical-aid-rendered;prior-conviction;minimal-participation;on-release;voluntary-surrender;first-offense"
"offenses-involving-theft","Offenses Involving Theft","robbery","EF-PC-02-004","EF-PC-02-004-A","Robbery","robbery","Robbery","felony","felony;property;theft;violent","conspiracy","Conspiracy","0.9","0.9","900","27","300","300","9","107.32","7883","104","1128.79","cooperation;medical-aid-rendered;restitution-made;minimal-participation;voluntary-surrender;first-offense","public-servant-victim;weapon-used;firearm-discharged;multiple-victims;organized-activity;prior-conviction:ten-plus-priors;on-release","public-servant-victim;cooperation;restitution-made;organized-activity;weapon-used;firearm-discharged;multiple-victims;medical-aid-rendered;prior-conviction;minimal-participation;on-release;voluntary-surrender;first-offense"
"offenses-involving-theft","Offenses Involving Theft","leaving-without-paying","EF-PC-02-005","EF-PC-02-005-A","Leaving Without Paying","leaving-without-paying","Leaving Without Paying","infraction","infraction;property;theft","principal","Principal Actor","1","1","300","0","17.32","25","0","5","300","0","17.32","restitution-made;citation-discretion","","restitution-made;citation-discretion"
"offenses-involving-theft","Offenses Involving Theft","possession-of-nonlegal-currency","EF-PC-02-006","EF-PC-02-006-A","Possession of Nonlegal Currency","possession-of-nonlegal-currency","Possession of Nonlegal Currency","misdemeanor","misdemeanor;possession;property;theft","principal","Principal Actor","1","1","750","10","127.39","450","5","71.21","1969","17","214.37","cooperation;voluntary-surrender;first-offense","organized-activity;prior-conviction:ten-plus-priors","cooperation;organized-activity;prior-conviction;voluntary-surrender;first-offense"
"offenses-involving-theft","Offenses Involving Theft","possession-of-government-issued-items","EF-PC-02-007","EF-PC-02-007-A","Possession of Government-Issued Items","minor-possession-of-government-issued-items","Minor Possession of Government-Issued Items","misdemeanor","government;misdemeanor;possession;property;theft","principal","Principal Actor","1","1","500","10","122.36","300","5","67.32","1313","17","206.24","cooperation;voluntary-surrender;first-offense","organized-activity;prior-conviction:ten-plus-priors","cooperation;organized-activity;prior-conviction;voluntary-surrender;first-offense"
"offenses-involving-theft","Offenses Involving Theft","possession-of-government-issued-items","EF-PC-02-007","EF-PC-02-007-B","Possession of Government-Issued Items","restricted-government-issued-items","Restricted Government-Issued Items","felony","felony;firearm-related;government;identity-document;licensing-status;possession;property;theft;weapon-related","principal","Principal Actor","1","1","1500","22","258.73","900","11","140","8813","43","523.88","cooperation;voluntary-surrender;first-offense","organized-activity;high-value-loss;prior-conviction:ten-plus-priors;on-release","cooperation;organized-activity;high-value-loss;prior-conviction;on-release;voluntary-surrender;first-offense"
"offenses-involving-theft","Offenses Involving Theft","items-used-in-the-commission-of-a-crime","EF-PC-02-008","EF-PC-02-008-A","Items Used in the Commission of a Crime","possession-of-items-used-in-the-commission-of-a-crime","Possession of Items Used in the Commission of a Crime","misdemeanor","misdemeanor;possession;property;theft;weapon-related","principal","Principal Actor","1","1","500","10","122.36","300","5","67.32","1641","22","260.51","cooperation;voluntary-surrender;first-offense","weapon-used;organized-activity;prior-conviction:ten-plus-priors","cooperation;organized-activity;weapon-used;prior-conviction;voluntary-surrender;first-offense"
"offenses-involving-theft","Offenses Involving Theft","items-used-in-the-commission-of-a-crime","EF-PC-02-008","EF-PC-02-008-B","Items Used in the Commission of a Crime","sale-of-items-used-in-the-commission-of-a-crime","Sale of Items Used in the Commission of a Crime","misdemeanor","commercial;economic;misdemeanor;property;sale-transfer;theft;weapon-related","principal","Principal Actor","1","1","100","15","160","60","7","77.75","263","26","276.22","cooperation;voluntary-surrender;first-offense","organized-activity;prior-conviction:ten-plus-priors","cooperation;organized-activity;prior-conviction;voluntary-surrender;first-offense"
"offenses-involving-theft","Offenses Involving Theft","criminal-possession-of-stolen-property","EF-PC-02-009","EF-PC-02-009-A","Criminal Possession of Stolen Property","criminal-possession-of-stolen-property","Criminal Possession of Stolen Property","misdemeanor","misdemeanor;possession;property;theft","principal","Principal Actor","1","1","300","7","87.32","0","3","30","525","8","102.91","cooperation;restitution-made;voluntary-surrender;first-offense","prior-conviction:ten-plus-priors","cooperation;restitution-made;prior-conviction;voluntary-surrender;first-offense"
"offenses-involving-theft","Offenses Involving Theft","criminal-possession-of-stolen-property","EF-PC-02-009","EF-PC-02-009-B","Criminal Possession of Stolen Property","aggravated-possession-of-stolen-property","Aggravated Possession of Stolen Property","felony","commercial;economic;felony;possession;property;sale-transfer;theft","principal","Principal Actor","1","1","1000","20","231.62","413","10","120.32","8156","48","570.31","cooperation;restitution-made;voluntary-surrender;first-offense","weapon-used;organized-activity;high-value-loss;prior-conviction:ten-plus-priors;on-release","cooperation;restitution-made;organized-activity;high-value-loss;weapon-used;prior-conviction;on-release;voluntary-surrender;first-offense"
"offenses-involving-theft","Offenses Involving Theft","customs-and-smuggling-offenses","EF-PC-02-010","EF-PC-02-010-A","Customs and Smuggling Offenses","regulatory-smuggling","Regulatory Smuggling","misdemeanor","commercial;economic;misdemeanor;property;sale-transfer;theft","principal","Principal Actor","1","1","2000","7","114.72","1020","3","61.94","9625","12","218.11","cooperation;minimal-participation;voluntary-surrender;first-offense","organized-activity;high-value-loss;prior-conviction:ten-plus-priors","cooperation;organized-activity;high-value-loss;prior-conviction;minimal-participation;voluntary-surrender;first-offense"
"offenses-involving-theft","Offenses Involving Theft","customs-and-smuggling-offenses","EF-PC-02-010","EF-PC-02-010-A","Customs and Smuggling Offenses","regulatory-smuggling","Regulatory Smuggling","misdemeanor","commercial;economic;misdemeanor;property;sale-transfer;theft","accessory","Accessory","0.25","1","500","7","92.36","255","3","45.97","5688","12","195.42","cooperation;minimal-participation;voluntary-surrender;first-offense","organized-activity;high-value-loss;prior-conviction:ten-plus-priors","cooperation;organized-activity;high-value-loss;prior-conviction;minimal-participation;voluntary-surrender;first-offense"
"offenses-involving-theft","Offenses Involving Theft","customs-and-smuggling-offenses","EF-PC-02-010","EF-PC-02-010-B","Customs and Smuggling Offenses","dangerous-contraband-smuggling","Dangerous Contraband Smuggling","felony","controlled-substance;felony;property;public-safety;sale-transfer;theft;weapon-related","principal","Principal Actor","1","1","5000","25","320.71","2550","10","150.5","25383","76","919.32","cooperation;minimal-participation;voluntary-surrender;first-offense","weapon-used;firearm-discharged;organized-activity;high-value-loss;prior-conviction:ten-plus-priors;on-release","cooperation;organized-activity;weapon-used;firearm-discharged;high-value-loss;prior-conviction;minimal-participation;on-release;voluntary-surrender;first-offense"
"offenses-involving-theft","Offenses Involving Theft","customs-and-smuggling-offenses","EF-PC-02-010","EF-PC-02-010-B","Customs and Smuggling Offenses","dangerous-contraband-smuggling","Dangerous Contraband Smuggling","felony","controlled-substance;felony;property;public-safety;sale-transfer;theft;weapon-related","accessory","Accessory","0.25","1","1250","25","285.36","638","10","125.26","10002","76","860.01","cooperation;minimal-participation;voluntary-surrender;first-offense","weapon-used;firearm-discharged;organized-activity;high-value-loss;prior-conviction:ten-plus-priors;on-release","cooperation;organized-activity;weapon-used;firearm-discharged;high-value-loss;prior-conviction;minimal-participation;on-release;voluntary-surrender;first-offense"
"offenses-involving-theft","Offenses Involving Theft","customs-and-smuggling-offenses","EF-PC-02-010","EF-PC-02-010-C","Customs and Smuggling Offenses","smuggling-of-precious-gemstones","Smuggling of Precious Gemstones","felony","commercial;economic;felony;property;sale-transfer;theft","principal","Principal Actor","1","1","5000","10","170.71","2550","4","90.5","18000","22","354.16","cooperation;minimal-participation;voluntary-surrender;first-offense","organized-activity;high-value-loss;prior-conviction:ten-plus-priors;on-release","cooperation;organized-activity;high-value-loss;prior-conviction;on-release;minimal-participation;voluntary-surrender;first-offense"
"offenses-involving-theft","Offenses Involving Theft","customs-and-smuggling-offenses","EF-PC-02-010","EF-PC-02-010-C","Customs and Smuggling Offenses","smuggling-of-precious-gemstones","Smuggling of Precious Gemstones","felony","commercial;economic;felony;property;sale-transfer;theft","accessory","Accessory","0.25","1","1250","10","135.36","638","4","65.26","8156","22","310.31","cooperation;minimal-participation;voluntary-surrender;first-offense","organized-activity;high-value-loss;prior-conviction:ten-plus-priors;on-release","cooperation;organized-activity;high-value-loss;prior-conviction;on-release;minimal-participation;voluntary-surrender;first-offense"
"offenses-involving-theft","Offenses Involving Theft","customs-and-smuggling-offenses","EF-PC-02-010","EF-PC-02-010-D","Customs and Smuggling Offenses","smuggling-of-precious-metals","Smuggling of Precious Metals","felony","commercial;economic;felony;property;sale-transfer;theft","principal","Principal Actor","1","1","6000","15","227.46","3060","6","115.32","20625","31","453.61","cooperation;minimal-participation;voluntary-surrender;first-offense","organized-activity;high-value-loss;prior-conviction:ten-plus-priors;on-release","cooperation;organized-activity;high-value-loss;prior-conviction;on-release;minimal-participation;voluntary-surrender;first-offense"
"offenses-involving-theft","Offenses Involving Theft","customs-and-smuggling-offenses","EF-PC-02-010","EF-PC-02-010-D","Customs and Smuggling Offenses","smuggling-of-precious-metals","Smuggling of Precious Metals","felony","commercial;economic;felony;property;sale-transfer;theft","accessory","Accessory","0.25","1","1500","15","188.73","765","6","87.66","8813","31","403.88","cooperation;minimal-participation;voluntary-surrender;first-offense","organized-activity;high-value-loss;prior-conviction:ten-plus-priors;on-release","cooperation;organized-activity;high-value-loss;prior-conviction;on-release;minimal-participation;voluntary-surrender;first-offense"
"offenses-involving-theft","Offenses Involving Theft","customs-and-smuggling-offenses","EF-PC-02-010","EF-PC-02-010-E","Customs and Smuggling Offenses","customs-fraud","Customs Fraud","misdemeanor","commercial;economic;government;identity-document;justice-system;licensing-status;misdemeanor;property;theft","principal","Principal Actor","1","1","1500","1","48.73","900","0","30","8313","2","111.18","cooperation;voluntary-surrender;first-offense","organized-activity;high-value-loss;prior-conviction:ten-plus-priors","cooperation;organized-activity;high-value-loss;prior-conviction;voluntary-surrender;first-offense"
"offenses-involving-theft","Offenses Involving Theft","customs-and-smuggling-offenses","EF-PC-02-010","EF-PC-02-010-F","Customs and Smuggling Offenses","operating-an-unlicensed-import-export-business","Operating an Unlicensed Import/Export Business","felony","commercial;economic;felony;licensing-status;property;sale-transfer;theft","principal","Principal Actor","1","1","20000","15","291.42","10200","6","161","53000","31","540.22","cooperation;minimal-participation;voluntary-surrender;first-offense","organized-activity;prior-conviction:ten-plus-priors;on-release","cooperation;organized-activity;prior-conviction;on-release;minimal-participation;voluntary-surrender;first-offense"
"offenses-involving-theft","Offenses Involving Theft","customs-and-smuggling-offenses","EF-PC-02-010","EF-PC-02-010-F","Customs and Smuggling Offenses","operating-an-unlicensed-import-export-business","Operating an Unlicensed Import/Export Business","felony","commercial;economic;felony;licensing-status;property;sale-transfer;theft","accessory","Accessory","0.25","1","5000","15","220.71","2550","6","110.5","13625","31","426.73","cooperation;minimal-participation;voluntary-surrender;first-offense","organized-activity;prior-conviction:ten-plus-priors;on-release","cooperation;organized-activity;prior-conviction;on-release;minimal-participation;voluntary-surrender;first-offense"
"offenses-involving-fraud","Offenses Involving Fraud","impersonation","EF-PC-03-001","EF-PC-03-001-A","Impersonation","impersonating","Impersonating","misdemeanor","commercial;economic;fraud;government;identity-document;misdemeanor","principal","Principal Actor","1","1","750","15","177.39","450","7","91.21","1969","26","304.37","cooperation;voluntary-surrender;first-offense","organized-activity;prior-conviction:ten-plus-priors","cooperation;organized-activity;prior-conviction;voluntary-surrender;first-offense"
"offenses-involving-fraud","Offenses Involving Fraud","impersonation","EF-PC-03-001","EF-PC-03-001-B","Impersonation","impersonating-a-peace-officer-or-public-servant","Impersonating a Peace Officer or Public Servant","felony","economic;felony;fraud;government;identity-document","principal","Principal Actor","1","1","2050","30","345.28","1230","14","175.07","5881","57","646.69","cooperation;voluntary-surrender;first-offense","organized-activity;prior-conviction:ten-plus-priors;on-release","cooperation;organized-activity;prior-conviction;on-release;voluntary-surrender;first-offense"
"offenses-involving-fraud","Offenses Involving Fraud","impersonation","EF-PC-03-001","EF-PC-03-001-C","Impersonation","impersonating-a-judge","Impersonating a Judge","felony","economic;felony;fraud;government;identity-document","principal","Principal Actor","1","1","3500","30","359.16","2100","14","185.83","9688","57","668.43","cooperation;voluntary-surrender;first-offense","organized-activity;prior-conviction:ten-plus-priors;on-release","cooperation;organized-activity;prior-conviction;on-release;voluntary-surrender;first-offense"
"offenses-involving-fraud","Offenses Involving Fraud","possession-of-stolen-government-identification","EF-PC-03-002","EF-PC-03-002-A","Possession of Stolen Government Identification","possession-of-stolen-government-identification","Possession of Stolen Government Identification","misdemeanor","economic;fraud;government;identity-document;licensing-status;misdemeanor;possession","principal","Principal Actor","1","1","200","20","214.14","120","10","110.95","350","23","248.71","cooperation;voluntary-surrender;first-offense","prior-conviction:ten-plus-priors","cooperation;prior-conviction;voluntary-surrender;first-offense"
"offenses-involving-fraud","Offenses Involving Fraud","extortion","EF-PC-03-003","EF-PC-03-003-A","Extortion","extortion","Extortion","felony","economic;felony;fraud;identity-document;licensing-status;violent","principal","Principal Actor","1","1","1500","30","338.73","713","14","166.7","12750","78","892.92","cooperation;restitution-made;voluntary-surrender;first-offense","public-servant-victim;multiple-victims;organized-activity;high-value-loss;prior-conviction:ten-plus-priors;on-release","public-servant-victim;cooperation;restitution-made;organized-activity;high-value-loss;multiple-victims;prior-conviction;on-release;voluntary-surrender;first-offense"
"offenses-involving-fraud","Offenses Involving Fraud","fraud-and-forgery","EF-PC-03-004","EF-PC-03-004-A","Fraud and Forgery","fraud","Fraud","misdemeanor","alcohol-intoxication;economic;fraud;government;identity-document;licensing-status;misdemeanor","principal","Principal Actor","1","1","150","10","112.25","90","5","59.49","4638","17","238.1","cooperation;voluntary-surrender;first-offense","multiple-victims;high-value-loss;prior-conviction:ten-plus-priors","cooperation;high-value-loss;multiple-victims;prior-conviction;voluntary-surrender;first-offense"
"offenses-involving-fraud","Offenses Involving Fraud","fraud-and-forgery","EF-PC-03-004","EF-PC-03-004-B","Fraud and Forgery","forgery","Forgery","misdemeanor","commercial;economic;fraud;identity-document;licensing-status;misdemeanor;possession","principal","Principal Actor","1","1","650","15","175.5","203","7","84.25","5513","23","304.25","cooperation;restitution-made;voluntary-surrender;first-offense","multiple-victims;high-value-loss;prior-conviction:ten-plus-priors","cooperation;restitution-made;high-value-loss;multiple-victims;prior-conviction;voluntary-surrender;first-offense"
"offenses-involving-fraud","Offenses Involving Fraud","money-laundering","EF-PC-03-005","EF-PC-03-005-A","Money Laundering","money-laundering","Money Laundering","felony","commercial;economic;felony;fraud;identity-document;possession;sale-transfer","principal","Principal Actor","1","1","4000","25","313.25","2040","10","145.17","15375","48","604","cooperation;minimal-participation;voluntary-surrender;first-offense","organized-activity;high-value-loss;prior-conviction:ten-plus-priors;on-release","cooperation;organized-activity;high-value-loss;prior-conviction;on-release;minimal-participation;voluntary-surrender;first-offense"
"offenses-involving-damage-to-property","Offenses Involving Damage to Property","trespassing","EF-PC-04-001","EF-PC-04-001-A","Trespassing","trespassing","Trespassing","misdemeanor","government;licensing-status;misdemeanor;property;property-damage","principal","Principal Actor","1","1","455","5","71.33","273","2","36.52","1593","7","109.91","cooperation;voluntary-surrender;first-offense","public-servant-victim;prior-conviction:ten-plus-priors","public-servant-victim;cooperation;prior-conviction;voluntary-surrender;first-offense"
"offenses-involving-damage-to-property","Offenses Involving Damage to Property","trespassing","EF-PC-04-001","EF-PC-04-001-B","Trespassing","felony-trespassing","Felony Trespassing","felony","felony;government;licensing-status;property;property-damage","principal","Principal Actor","1","1","1500","15","188.73","900","7","100","4438","31","376.62","cooperation;voluntary-surrender;first-offense","organized-activity;prior-conviction:ten-plus-priors;on-release","cooperation;organized-activity;prior-conviction;on-release;voluntary-surrender;first-offense"
"offenses-involving-damage-to-property","Offenses Involving Damage to Property","arson","EF-PC-04-002","EF-PC-04-002-A","Arson","arson","Arson","felony","explosive-related;felony;property;property-damage;weapon-related","principal","Principal Actor","1","1","2500","25","300","1313","10","136.24","20625","73","873.61","cooperation;medical-aid-rendered;restitution-made;voluntary-surrender;first-offense","public-servant-victim;multiple-victims;organized-activity;high-value-loss;occupied-structure-or-vehicle;prior-conviction:ten-plus-priors;on-release","public-servant-victim;cooperation;restitution-made;organized-activity;high-value-loss;occupied-structure-or-vehicle;multiple-victims;medical-aid-rendered;prior-conviction;on-release;voluntary-surrender;first-offense"
"offenses-involving-damage-to-property","Offenses Involving Damage to Property","vandalism","EF-PC-04-003","EF-PC-04-003-A","Vandalism","vandalism","Vandalism","infraction","government;infraction;justice-system;licensing-status;property;property-damage","principal","Principal Actor","1","1","100","0","10","50","0","7.07","2650","0","51.48","citation-discretion","organized-activity;high-value-loss","organized-activity;high-value-loss;citation-discretion"
"offenses-involving-damage-to-property","Offenses Involving Damage to Property","vandalism","EF-PC-04-003","EF-PC-04-003-B","Vandalism","vandalism-of-government-property","Vandalism of Government Property","misdemeanor","government;justice-system;misdemeanor;property;property-damage","principal","Principal Actor","1","1","350","10","118.71","23","5","54.8","6088","23","308.03","cooperation;restitution-made;voluntary-surrender;first-offense","organized-activity;high-value-loss;occupied-structure-or-vehicle;prior-conviction:ten-plus-priors","cooperation;restitution-made;organized-activity;high-value-loss;occupied-structure-or-vehicle;prior-conviction;voluntary-surrender;first-offense"
"offenses-involving-damage-to-property","Offenses Involving Damage to Property","littering","EF-PC-04-004","EF-PC-04-004-A","Littering","littering","Littering","infraction","infraction;property;property-damage","principal","Principal Actor","1","1","150","0","12.25","75","0","8.66","150","0","12.25","citation-discretion","","citation-discretion"
"offenses-against-public-administration","Offenses Against Public Administration","bribery-of-a-government-official","EF-PC-05-001","EF-PC-05-001-A","Bribery of a Government Official","bribery-of-a-government-official","Bribery of a Government Official","felony","alcohol-intoxication;felony;government;justice-system","principal","Principal Actor","1","1","200","20","214.14","120","10","110.95","1025","40","432.02","cooperation;voluntary-surrender;first-offense","organized-activity;prior-conviction:ten-plus-priors;on-release","cooperation;organized-activity;prior-conviction;on-release;voluntary-surrender;first-offense"
"offenses-against-public-administration","Offenses Against Public Administration","anti-mask-law","EF-PC-05-002","EF-PC-05-002-A","Anti-Mask Law","anti-mask-law","Anti-Mask Law","infraction","government;identity-document;infraction;justice-system","principal","Principal Actor","1","1","150","0","12.25","75","0","8.66","150","0","12.25","citation-discretion","","citation-discretion"
"offenses-against-public-administration","Offenses Against Public Administration","possession-of-contraband-in-a-government-facility","EF-PC-05-003","EF-PC-05-003-A","Possession of Contraband in a Government Facility","minor-facility-contraband","Minor Facility Contraband","misdemeanor","government;justice-system;misdemeanor;possession","principal","Principal Actor","1","1","300","7","87.32","180","3","43.42","788","12","148.07","cooperation;voluntary-surrender;first-offense","organized-activity;prior-conviction:ten-plus-priors","cooperation;organized-activity;prior-conviction;voluntary-surrender;first-offense"
"offenses-against-public-administration","Offenses Against Public Administration","possession-of-contraband-in-a-government-facility","EF-PC-05-003","EF-PC-05-003-B","Possession of Contraband in a Government Facility","dangerous-government-facility-contraband","Dangerous Government-Facility Contraband","felony","controlled-substance;felony;firearm-related;government;justice-system;possession;weapon-related","principal","Principal Actor","1","1","1000","18","211.62","600","9","114.49","3781","44","501.49","cooperation;voluntary-surrender;first-offense","weapon-used;organized-activity;prior-conviction:ten-plus-priors;on-release","cooperation;organized-activity;weapon-used;prior-conviction;on-release;voluntary-surrender;first-offense"
"offenses-against-public-administration","Offenses Against Public Administration","possession-of-contraband-in-a-government-facility","EF-PC-05-003","EF-PC-05-003-B","Possession of Contraband in a Government Facility","dangerous-government-facility-contraband","Dangerous Government-Facility Contraband","felony","controlled-substance;felony;firearm-related;government;justice-system;possession;weapon-related","attempted","Attempted","0.6","0.6","600","11","132.49","360","5","68.97","2469","28","329.69","cooperation;voluntary-surrender;first-offense","weapon-used;organized-activity;prior-conviction:ten-plus-priors;on-release","cooperation;organized-activity;weapon-used;prior-conviction;on-release;voluntary-surrender;first-offense"
"offenses-against-public-administration","Offenses Against Public Administration","possession-of-contraband-in-a-government-facility","EF-PC-05-003","EF-PC-05-003-C","Possession of Contraband in a Government Facility","aggravated-facility-contraband","Aggravated Facility Contraband","felony","controlled-substance;felony;firearm-related;government;justice-system;possession;public-safety;violent;weapon-related","principal","Principal Actor","1","1","2000","30","344.72","1020","12","151.94","8703","96","1053.29","cooperation;minimal-participation;voluntary-surrender;first-offense","weapon-used;firearm-discharged;multiple-victims;organized-activity;prior-conviction:ten-plus-priors;on-release","cooperation;organized-activity;weapon-used;firearm-discharged;multiple-victims;prior-conviction;on-release;minimal-participation;voluntary-surrender;first-offense"
"offenses-against-public-administration","Offenses Against Public Administration","possession-of-contraband-in-a-government-facility","EF-PC-05-003","EF-PC-05-003-C","Possession of Contraband in a Government Facility","aggravated-facility-contraband","Aggravated Facility Contraband","felony","controlled-substance;felony;firearm-related;government;justice-system;possession;public-safety;violent;weapon-related","attempted","Attempted","0.6","0.6","1200","18","214.64","612","7","94.74","5422","70","773.63","cooperation;minimal-participation;voluntary-surrender;first-offense","weapon-used;firearm-discharged;multiple-victims;organized-activity;prior-conviction:ten-plus-priors;on-release","cooperation;organized-activity;weapon-used;firearm-discharged;multiple-victims;prior-conviction;on-release;minimal-participation;voluntary-surrender;first-offense"
"offenses-against-public-administration","Offenses Against Public Administration","possession-of-contraband-in-a-government-facility","EF-PC-05-003","EF-PC-05-003-C","Possession of Contraband in a Government Facility","aggravated-facility-contraband","Aggravated Facility Contraband","felony","controlled-substance;felony;firearm-related;government;justice-system;possession;public-safety;violent;weapon-related","accessory","Accessory","0.2","0.67","400","20","221","204","8","94.28","2141","74","786.27","cooperation;minimal-participation;voluntary-surrender;first-offense","weapon-used;firearm-discharged;multiple-victims;organized-activity;prior-conviction:ten-plus-priors;on-release","cooperation;organized-activity;weapon-used;firearm-discharged;multiple-victims;prior-conviction;on-release;minimal-participation;voluntary-surrender;first-offense"
"offenses-against-public-administration","Offenses Against Public Administration","escape-and-jailbreak","EF-PC-05-004","EF-PC-05-004-A","Escape and Jailbreak","misdemeanor-escape-from-detention","Misdemeanor Escape from Detention","misdemeanor","government;justice-system;misdemeanor","principal","Principal Actor","1","1","750","12","147.39","450","6","81.21","1813","19","232.58","cooperation;voluntary-surrender;first-offense","prior-conviction:ten-plus-priors;on-release","cooperation;prior-conviction;on-release;voluntary-surrender;first-offense"
"offenses-against-public-administration","Offenses Against Public Administration","escape-and-jailbreak","EF-PC-05-004","EF-PC-05-004-B","Escape and Jailbreak","felony-escape-from-custody","Felony Escape from Custody","felony","felony;government;justice-system","principal","Principal Actor","1","1","1500","25","288.73","900","12","150","4438","48","546.62","cooperation;voluntary-surrender;first-offense","organized-activity;prior-conviction:ten-plus-priors;on-release","cooperation;organized-activity;prior-conviction;on-release;voluntary-surrender;first-offense"
"offenses-against-public-administration","Offenses Against Public Administration","escape-and-jailbreak","EF-PC-05-004","EF-PC-05-004-C","Escape and Jailbreak","aggravated-escape","Aggravated Escape","felony","felony;government;justice-system;public-safety;violent","principal","Principal Actor","1","1","3000","40","454.77","1800","16","202.43","12805","108","1193.16","cooperation;medical-aid-rendered;voluntary-surrender;first-offense","weapon-used;firearm-discharged;organized-activity;prior-conviction:ten-plus-priors;on-release","cooperation;organized-activity;weapon-used;firearm-discharged;medical-aid-rendered;prior-conviction;on-release;voluntary-surrender;first-offense"
"offenses-against-public-administration","Offenses Against Public Administration","escape-and-jailbreak","EF-PC-05-004","EF-PC-05-004-C","Escape and Jailbreak","aggravated-escape","Aggravated Escape","felony","felony;government;justice-system;public-safety;violent","attempted","Attempted","0.6","0.6","1800","24","282.43","1080","10","132.86","7883","74","828.79","cooperation;medical-aid-rendered;voluntary-surrender;first-offense","weapon-used;firearm-discharged;organized-activity;prior-conviction:ten-plus-priors;on-release","cooperation;organized-activity;weapon-used;firearm-discharged;medical-aid-rendered;prior-conviction;on-release;voluntary-surrender;first-offense"
"offenses-against-public-administration","Offenses Against Public Administration","escape-and-jailbreak","EF-PC-05-004","EF-PC-05-004-C","Escape and Jailbreak","aggravated-escape","Aggravated Escape","felony","felony;government;justice-system;public-safety;violent","accessory","Accessory","0.2","0.6667","600","27","291.17","360","11","128.97","2961","80","854.42","cooperation;medical-aid-rendered;voluntary-surrender;first-offense","weapon-used;firearm-discharged;organized-activity;prior-conviction:ten-plus-priors;on-release","cooperation;organized-activity;weapon-used;firearm-discharged;medical-aid-rendered;prior-conviction;on-release;voluntary-surrender;first-offense"
"offenses-against-public-administration","Offenses Against Public Administration","escape-and-jailbreak","EF-PC-05-004","EF-PC-05-004-D","Escape and Jailbreak","jailbreak","Jailbreak","felony","felony;government;justice-system;violent","principal","Principal Actor","1","1","2500","30","350","1275","12","155.71","7063","57","654.04","cooperation;minimal-participation;voluntary-surrender;first-offense","organized-activity;prior-conviction:ten-plus-priors;on-release","cooperation;organized-activity;prior-conviction;on-release;minimal-participation;voluntary-surrender;first-offense"
"offenses-against-public-administration","Offenses Against Public Administration","escape-and-jailbreak","EF-PC-05-004","EF-PC-05-004-D","Escape and Jailbreak","jailbreak","Jailbreak","felony","felony;government;justice-system;violent","attempted","Attempted","0.6","0.6","1500","18","218.73","765","7","97.66","4438","36","426.62","cooperation;minimal-participation;voluntary-surrender;first-offense","organized-activity;prior-conviction:ten-plus-priors;on-release","cooperation;organized-activity;prior-conviction;on-release;minimal-participation;voluntary-surrender;first-offense"
"offenses-against-public-administration","Offenses Against Public Administration","escape-and-jailbreak","EF-PC-05-004","EF-PC-05-004-D","Escape and Jailbreak","jailbreak","Jailbreak","felony","felony;government;justice-system;violent","accessory","Accessory","0.2","0.6667","500","20","222.37","255","8","95.97","1813","40","442.58","cooperation;minimal-participation;voluntary-surrender;first-offense","organized-activity;prior-conviction:ten-plus-priors;on-release","cooperation;organized-activity;prior-conviction;on-release;minimal-participation;voluntary-surrender;first-offense"
"offenses-against-public-administration","Offenses Against Public Administration","perjury","EF-PC-05-005","EF-PC-05-005-A","Perjury","perjury","Perjury","felony","felony;government;justice-system","principal","Principal Actor","1","1","4000","20","263.25","2400","10","148.99","11000","40","504.88","cooperation;voluntary-surrender;first-offense","organized-activity;prior-conviction:ten-plus-priors;on-release","cooperation;organized-activity;prior-conviction;on-release;voluntary-surrender;first-offense"
"offenses-against-public-administration","Offenses Against Public Administration","court-order-and-appearance-violations","EF-PC-05-006","EF-PC-05-006-A","Court Order and Appearance Violations","violation-of-a-restraining-order","Violation of a Restraining Order","misdemeanor","government;justice-system;misdemeanor;public-order","principal","Principal Actor","1","1","525","15","172.91","315","7","87.75","1838","22","262.87","cooperation;voluntary-surrender;first-offense","public-servant-victim;prior-conviction:ten-plus-priors","public-servant-victim;cooperation;prior-conviction;voluntary-surrender;first-offense"
"offenses-against-public-administration","Offenses Against Public Administration","court-order-and-appearance-violations","EF-PC-05-006","EF-PC-05-006-B","Court Order and Appearance Violations","violating-a-court-order","Violating a Court Order","misdemeanor","government;justice-system;misdemeanor","principal","Principal Actor","1","1","800","10","128.28","480","5","71.91","1400","12","157.42","cooperation;voluntary-surrender;first-offense","prior-conviction:ten-plus-priors","cooperation;prior-conviction;voluntary-surrender;first-offense"
"offenses-against-public-administration","Offenses Against Public Administration","court-order-and-appearance-violations","EF-PC-05-006","EF-PC-05-006-C","Court Order and Appearance Violations","failure-to-appear","Failure to Appear","misdemeanor","government;justice-system;misdemeanor","principal","Principal Actor","1","1","650","10","125.5","390","5","69.75","1138","12","153.73","cooperation;voluntary-surrender;first-offense","prior-conviction:ten-plus-priors","cooperation;prior-conviction;voluntary-surrender;first-offense"
"offenses-against-public-administration","Offenses Against Public Administration","court-order-and-appearance-violations","EF-PC-05-006","EF-PC-05-006-D","Court Order and Appearance Violations","contempt-of-court","Contempt of Court","misdemeanor","commercial;economic;government;justice-system;misdemeanor","principal","Principal Actor","1","1","300","5","67.32","180","2","33.42","525","6","82.91","cooperation;voluntary-surrender;first-offense","prior-conviction:ten-plus-priors","cooperation;prior-conviction;voluntary-surrender;first-offense"
"offenses-against-public-administration","Offenses Against Public Administration","embezzlement","EF-PC-05-007","EF-PC-05-007-A","Embezzlement","embezzlement","Embezzlement","misdemeanor","commercial;economic;government;justice-system;misdemeanor;sale-transfer","principal","Principal Actor","1","1","1000","15","181.62","413","7","90.32","7000","35","433.67","cooperation;restitution-made;voluntary-surrender;first-offense","multiple-victims;organized-activity;high-value-loss;prior-conviction:ten-plus-priors","cooperation;restitution-made;organized-activity;high-value-loss;multiple-victims;prior-conviction;voluntary-surrender;first-offense"
"offenses-against-public-administration","Offenses Against Public Administration","unlawful-practice","EF-PC-05-008","EF-PC-05-008-A","Unlawful Practice","unlawful-practice","Unlawful Practice","misdemeanor","government;justice-system;licensing-status;misdemeanor","principal","Principal Actor","1","1","1500","15","188.73","900","7","100","8313","35","441.18","cooperation;voluntary-surrender;first-offense","multiple-victims;organized-activity;high-value-loss;prior-conviction:ten-plus-priors","cooperation;organized-activity;high-value-loss;multiple-victims;prior-conviction;voluntary-surrender;first-offense"
"offenses-against-public-administration","Offenses Against Public Administration","misuse-of-emergency-systems","EF-PC-05-009","EF-PC-05-009-A","Misuse of Emergency Systems","misuse-of-emergency-systems","Misuse of Emergency Systems","infraction","government;infraction;justice-system","principal","Principal Actor","1","1","600","0","24.49","300","0","17.32","600","0","24.49","citation-discretion","","citation-discretion"
"offenses-against-public-administration","Offenses Against Public Administration","resisting-arrest","EF-PC-05-011","EF-PC-05-011-A","Resisting Arrest","resisting-arrest","Resisting Arrest","misdemeanor","government;justice-system;misdemeanor","principal","Principal Actor","1","1","750","10","127.39","450","5","71.21","1313","12","156.24","cooperation;voluntary-surrender;first-offense","prior-conviction:ten-plus-priors","cooperation;prior-conviction;voluntary-surrender;first-offense"
"offenses-against-public-administration","Offenses Against Public Administration","interference-with-emergency-medical-services","EF-PC-05-012","EF-PC-05-012-A","Interference with Emergency Medical Services","interference-with-emergency-medical-services","Interference with Emergency Medical Services","misdemeanor","emergency-services;government;justice-system;medical-practice;misdemeanor;public-safety","principal","Principal Actor","1","1","1000","10","131.62","600","5","74.49","3125","31","365.9","cooperation;voluntary-surrender;first-offense","multiple-victims;organized-activity;prior-conviction:ten-plus-priors;on-release","cooperation;organized-activity;multiple-victims;prior-conviction;on-release;voluntary-surrender;first-offense"
"offenses-against-public-order","Offenses Against Public Order","peace-officer-compliance","EF-PC-06-001","EF-PC-06-001-A","Peace Officer Compliance","disobeying-a-peace-officer","Disobeying a Peace Officer","infraction","commercial;economic;government;identity-document;infraction;licensing-status;public-order;sale-transfer","principal","Principal Actor","1","1","175","0","13.23","88","0","9.38","175","0","13.23","citation-discretion","","citation-discretion"
"offenses-against-public-order","Offenses Against Public Order","peace-officer-compliance","EF-PC-06-001","EF-PC-06-001-B","Peace Officer Compliance","failure-to-provide-identification","Failure to Provide Identification","misdemeanor","commercial;economic;government;identity-document;licensing-status;misdemeanor;public-order;sale-transfer","principal","Principal Actor","1","1","350","1","28.71","210","0","14.49","613","1","34.76","cooperation;voluntary-surrender;first-offense","prior-conviction:ten-plus-priors","cooperation;prior-conviction;voluntary-surrender;first-offense"
"offenses-against-public-order","Offenses Against Public Order","public-disorder","EF-PC-06-002","EF-PC-06-002-A","Public Disorder","disorderly-conduct","Disorderly Conduct","infraction","alcohol-intoxication;infraction;public-order;violent","principal","Principal Actor","1","1","125","0","11.18","63","0","7.94","125","0","11.18","citation-discretion","","citation-discretion"
"offenses-against-public-order","Offenses Against Public Order","public-disorder","EF-PC-06-002","EF-PC-06-002-B","Public Disorder","disturbing-the-peace","Disturbing the Peace","infraction","infraction;public-order;violent","principal","Principal Actor","1","1","100","0","10","50","0","7.07","100","0","10","citation-discretion","","citation-discretion"
"offenses-against-public-order","Offenses Against Public Order","public-disorder","EF-PC-06-002","EF-PC-06-002-C","Public Disorder","inciting-a-riot","Inciting a Riot","felony","felony;property-damage;public-order;violent","principal","Principal Actor","1","1","500","25","272.36","255","10","115.97","1813","48","522.58","cooperation;minimal-participation;voluntary-surrender;first-offense","organized-activity;prior-conviction:ten-plus-priors;on-release","cooperation;organized-activity;prior-conviction;on-release;minimal-participation;voluntary-surrender;first-offense"
"offenses-against-public-order","Offenses Against Public Order","public-disorder","EF-PC-06-002","EF-PC-06-002-D","Public Disorder","unlawful-assembly","Unlawful Assembly","misdemeanor","manufacturing-production;misdemeanor;public-order;violent","principal","Principal Actor","1","1","750","10","127.39","383","4","59.57","1969","17","214.37","cooperation;minimal-participation;voluntary-surrender;first-offense","organized-activity;prior-conviction:ten-plus-priors","cooperation;organized-activity;prior-conviction;minimal-participation;voluntary-surrender;first-offense"
"offenses-against-public-order","Offenses Against Public Order","false-reporting","EF-PC-06-003","EF-PC-06-003-A","False Reporting","false-reporting","False Reporting","misdemeanor","government;misdemeanor;public-order","principal","Principal Actor","1","1","175","10","113.23","105","5","60.25","306","17","187.49","cooperation;voluntary-surrender;first-offense","multiple-victims;prior-conviction:ten-plus-priors","cooperation;multiple-victims;prior-conviction;voluntary-surrender;first-offense"
"offenses-against-public-order","Offenses Against Public Order","harassment-and-stalking","EF-PC-06-004","EF-PC-06-004-A","Harassment and Stalking","harassment","Harassment","misdemeanor","misdemeanor;public-order;violent","principal","Principal Actor","1","1","250","10","115.81","150","5","62.25","875","14","169.58","cooperation;voluntary-surrender;first-offense","public-servant-victim;prior-conviction:ten-plus-priors","public-servant-victim;cooperation;prior-conviction;voluntary-surrender;first-offense"
"offenses-against-public-order","Offenses Against Public Order","harassment-and-stalking","EF-PC-06-004","EF-PC-06-004-B","Harassment and Stalking","stalking","Stalking","felony","felony;public-order;violent","principal","Principal Actor","1","1","350","30","318.71","210","14","154.49","1225","43","465","cooperation;voluntary-surrender;first-offense","public-servant-victim;prior-conviction:ten-plus-priors","public-servant-victim;cooperation;prior-conviction;voluntary-surrender;first-offense"
"offenses-against-public-order","Offenses Against Public Order","obstruction-of-justice","EF-PC-06-005","EF-PC-06-005-A","Obstruction of Justice","misdemeanor-obstruction-of-justice","Misdemeanor Obstruction of Justice","misdemeanor","government;justice-system;misdemeanor;public-order","principal","Principal Actor","1","1","500","10","122.36","300","5","67.32","1313","17","206.24","cooperation;voluntary-surrender;first-offense","organized-activity;prior-conviction:ten-plus-priors","cooperation;organized-activity;prior-conviction;voluntary-surrender;first-offense"
"offenses-against-public-order","Offenses Against Public Order","obstruction-of-justice","EF-PC-06-005","EF-PC-06-005-B","Obstruction of Justice","felony-obstruction-of-justice","Felony Obstruction of Justice","felony","felony;government;justice-system;licensing-status;public-order","principal","Principal Actor","1","1","900","15","180","540","7","93.24","2863","31","363.51","cooperation;voluntary-surrender;first-offense","organized-activity;prior-conviction:ten-plus-priors;on-release","cooperation;organized-activity;prior-conviction;on-release;voluntary-surrender;first-offense"
"offenses-against-public-order","Offenses Against Public Order","loitering-on-government-properties","EF-PC-06-006","EF-PC-06-006-A","Loitering on Government Properties","loitering-on-government-properties","Loitering on Government Properties","infraction","government;infraction;public-order","principal","Principal Actor","1","1","100","0","10","50","0","7.07","100","0","10","citation-discretion","","citation-discretion"
"offenses-against-public-order","Offenses Against Public Order","vehicle-tampering","EF-PC-06-007","EF-PC-06-007-A","Vehicle Tampering","vehicle-tampering","Vehicle Tampering","misdemeanor","justice-system;licensing-status;misdemeanor;property-damage;public-order","principal","Principal Actor","1","1","175","15","163.23","105","7","80.25","459","26","281.42","cooperation;voluntary-surrender;first-offense","organized-activity;prior-conviction:ten-plus-priors","cooperation;organized-activity;prior-conviction;voluntary-surrender;first-offense"
"offenses-against-public-order","Offenses Against Public Order","tampering","EF-PC-06-008","EF-PC-06-008-A","Tampering","evidence-tampering","Evidence Tampering","felony","felony;government;justice-system;public-order","principal","Principal Actor","1","1","150","20","212.25","90","10","109.49","894","40","429.9","cooperation;voluntary-surrender;first-offense","organized-activity;prior-conviction:ten-plus-priors;on-release","cooperation;organized-activity;prior-conviction;on-release;voluntary-surrender;first-offense"
"offenses-against-public-order","Offenses Against Public Order","tampering","EF-PC-06-008","EF-PC-06-008-B","Tampering","witness-tampering","Witness Tampering","felony","alcohol-intoxication;felony;government;justice-system;public-order;violent","principal","Principal Actor","1","1","1000","25","281.62","600","12","144.49","5750","68","755.83","cooperation;voluntary-surrender;first-offense","public-servant-victim;multiple-victims;organized-activity;prior-conviction:ten-plus-priors;on-release","public-servant-victim;cooperation;organized-activity;multiple-victims;prior-conviction;on-release;voluntary-surrender;first-offense"
"offenses-against-public-order","Offenses Against Public Order","vigilantism","EF-PC-06-009","EF-PC-06-009-A","Vigilantism","vigilantism","Vigilantism","felony","felony;licensing-status;public-order;violent","principal","Principal Actor","1","1","150","30","312.25","90","12","129.49","656","60","625.61","cooperation;medical-aid-rendered;voluntary-surrender;first-offense","public-servant-victim;weapon-used;multiple-victims;prior-conviction:ten-plus-priors","public-servant-victim;cooperation;weapon-used;multiple-victims;medical-aid-rendered;prior-conviction;voluntary-surrender;first-offense"
"offenses-against-public-order","Offenses Against Public Order","government-corruption","EF-PC-06-010","EF-PC-06-010-A","Government Corruption","government-corruption","Government Corruption","felony","felony;government;public-order","principal","Principal Actor","1","1","2000","40","444.72","1200","19","224.64","10125","83","930.62","cooperation;voluntary-surrender;first-offense","multiple-victims;organized-activity;high-value-loss;prior-conviction:ten-plus-priors;on-release","cooperation;organized-activity;high-value-loss;multiple-victims;prior-conviction;on-release;voluntary-surrender;first-offense"
"offenses-against-public-order","Offenses Against Public Order","aiding-and-harboring","EF-PC-06-011","EF-PC-06-011-A","Aiding and Harboring","aiding-and-abetting","Aiding and Abetting","misdemeanor","justice-system;misdemeanor;public-order","principal","Principal Actor","1","1","140","15","161.83","84","7","79.17","368","26","279.18","cooperation;voluntary-surrender;first-offense","organized-activity;prior-conviction:ten-plus-priors","cooperation;organized-activity;prior-conviction;voluntary-surrender;first-offense"
"offenses-against-public-order","Offenses Against Public Order","aiding-and-harboring","EF-PC-06-011","EF-PC-06-011-B","Aiding and Harboring","harboring-a-fugitive","Harboring a Fugitive","misdemeanor","government;justice-system;misdemeanor;public-order","principal","Principal Actor","1","1","375","15","169.36","225","7","85","984","26","291.37","cooperation;voluntary-surrender;first-offense","organized-activity;prior-conviction:ten-plus-priors","cooperation;organized-activity;prior-conviction;voluntary-surrender;first-offense"
"offenses-against-health-and-morals","Offenses Against Health and Morals","marijuana-offenses","EF-PC-07-001","EF-PC-07-001-A","Marijuana Offenses","unauthorized-marijuana-cultivation","Unauthorized Marijuana Cultivation","misdemeanor","controlled-substance;health-morals;licensing-status;manufacturing-production;misdemeanor","principal","Principal Actor","1","1","1500","5","88.73","900","2","50","3938","9","152.75","cooperation;voluntary-surrender;first-offense","organized-activity;prior-conviction:ten-plus-priors","cooperation;organized-activity;prior-conviction;voluntary-surrender;first-offense"
"offenses-against-health-and-morals","Offenses Against Health and Morals","marijuana-offenses","EF-PC-07-001","EF-PC-07-001-B","Marijuana Offenses","commercial-marijuana-cultivation","Commercial Marijuana Cultivation","felony","commercial;controlled-substance;economic;felony;health-morals;manufacturing-production;sale-transfer","principal","Principal Actor","1","1","3500","10","159.16","2100","5","95.83","9688","22","318.43","cooperation;voluntary-surrender;first-offense","organized-activity;prior-conviction:ten-plus-priors;on-release","cooperation;organized-activity;prior-conviction;on-release;voluntary-surrender;first-offense"
"offenses-against-health-and-morals","Offenses Against Health and Morals","marijuana-offenses","EF-PC-07-001","EF-PC-07-001-C","Marijuana Offenses","aggravated-marijuana-cultivation","Aggravated Marijuana Cultivation","felony","controlled-substance;felony;health-morals;manufacturing-production;property-damage;regulatory","principal","Principal Actor","1","1","5000","15","220.71","3000","7","124.77","13625","31","426.73","cooperation;voluntary-surrender;first-offense","organized-activity;prior-conviction:ten-plus-priors;on-release","cooperation;organized-activity;prior-conviction;on-release;voluntary-surrender;first-offense"
"offenses-against-health-and-morals","Offenses Against Health and Morals","marijuana-offenses","EF-PC-07-001","EF-PC-07-001-D","Marijuana Offenses","possession-of-marijuana","Misdemeanor Possession of Marijuana","misdemeanor","controlled-substance;health-morals;licensing-status;misdemeanor;possession","principal","Principal Actor","1","1","250","0","15.81","150","0","12.25","656","0","25.61","cooperation;voluntary-surrender;first-offense","organized-activity;prior-conviction:ten-plus-priors","cooperation;organized-activity;prior-conviction;voluntary-surrender;first-offense"
"offenses-against-health-and-morals","Offenses Against Health and Morals","marijuana-offenses","EF-PC-07-001","EF-PC-07-001-E","Marijuana Offenses","possession-of-marijuana-with-intent-to-distribute","Possession of Marijuana with Intent to Distribute","felony","commercial;controlled-substance;economic;felony;health-morals;possession;sale-transfer","principal","Principal Actor","1","1","500","20","222.36","300","10","117.32","6188","40","478.66","cooperation;voluntary-surrender;first-offense","organized-activity;high-value-loss;prior-conviction:ten-plus-priors;on-release","cooperation;organized-activity;high-value-loss;prior-conviction;on-release;voluntary-surrender;first-offense"
"offenses-against-health-and-morals","Offenses Against Health and Morals","cocaine-possession-and-distribution","EF-PC-07-002","EF-PC-07-002-A","Cocaine Possession and Distribution","misdemeanor-possession-of-cocaine","Misdemeanor Possession of Cocaine","misdemeanor","controlled-substance;health-morals;licensing-status;misdemeanor;possession","principal","Principal Actor","1","1","500","0","22.36","300","0","17.32","1313","0","36.24","cooperation;voluntary-surrender;first-offense","organized-activity;prior-conviction:ten-plus-priors","cooperation;organized-activity;prior-conviction;voluntary-surrender;first-offense"
"offenses-against-health-and-morals","Offenses Against Health and Morals","cocaine-possession-and-distribution","EF-PC-07-002","EF-PC-07-002-B","Cocaine Possession and Distribution","felony-possession-of-cocaine","Felony Possession of Cocaine","felony","controlled-substance;felony;health-morals;licensing-status;possession","principal","Principal Actor","1","1","750","15","177.39","450","7","91.21","2469","31","359.69","cooperation;voluntary-surrender;first-offense","organized-activity;prior-conviction:ten-plus-priors;on-release","cooperation;organized-activity;prior-conviction;on-release;voluntary-surrender;first-offense"
"offenses-against-health-and-morals","Offenses Against Health and Morals","cocaine-possession-and-distribution","EF-PC-07-002","EF-PC-07-002-C","Cocaine Possession and Distribution","possession-of-cocaine-with-intent-to-distribute","Possession of Cocaine with Intent to Distribute","felony","commercial;controlled-substance;economic;felony;health-morals;possession;sale-transfer","principal","Principal Actor","1","1","1300","20","236.06","780","10","127.93","8288","40","491.04","cooperation;voluntary-surrender;first-offense","organized-activity;high-value-loss;prior-conviction:ten-plus-priors;on-release","cooperation;organized-activity;high-value-loss;prior-conviction;on-release;voluntary-surrender;first-offense"
"offenses-against-health-and-morals","Offenses Against Health and Morals","amphetamine-possession-and-distribution","EF-PC-07-003","EF-PC-07-003-A","Amphetamine Possession and Distribution","misdemeanor-possession-of-amphetamines","Misdemeanor Possession of Amphetamines","misdemeanor","controlled-substance;health-morals;licensing-status;misdemeanor;possession","principal","Principal Actor","1","1","300","0","17.32","180","0","13.42","788","0","28.07","cooperation;voluntary-surrender;first-offense","organized-activity;prior-conviction:ten-plus-priors","cooperation;organized-activity;prior-conviction;voluntary-surrender;first-offense"
"offenses-against-health-and-morals","Offenses Against Health and Morals","amphetamine-possession-and-distribution","EF-PC-07-003","EF-PC-07-003-B","Amphetamine Possession and Distribution","felony-possession-of-amphetamines","Felony Possession of Amphetamines","felony","controlled-substance;felony;health-morals;licensing-status;possession","principal","Principal Actor","1","1","750","15","177.39","450","7","91.21","2469","31","359.69","cooperation;voluntary-surrender;first-offense","organized-activity;prior-conviction:ten-plus-priors;on-release","cooperation;organized-activity;prior-conviction;on-release;voluntary-surrender;first-offense"
"offenses-against-health-and-morals","Offenses Against Health and Morals","amphetamine-possession-and-distribution","EF-PC-07-003","EF-PC-07-003-C","Amphetamine Possession and Distribution","possession-of-amphetamines-with-intent-to-distribute","Possession of Amphetamines with Intent to Distribute","felony","commercial;controlled-substance;economic;felony;health-morals;possession;sale-transfer","principal","Principal Actor","1","1","1500","20","238.73","900","10","130","8813","40","493.88","cooperation;voluntary-surrender;first-offense","organized-activity;high-value-loss;prior-conviction:ten-plus-priors;on-release","cooperation;organized-activity;high-value-loss;prior-conviction;on-release;voluntary-surrender;first-offense"
"offenses-against-health-and-morals","Offenses Against Health and Morals","opioid-possession-and-distribution","EF-PC-07-004","EF-PC-07-004-A","Opioid Possession and Distribution","misdemeanor-possession-of-opioids","Misdemeanor Possession of Opioids","misdemeanor","controlled-substance;health-morals;licensing-status;misdemeanor;possession","principal","Principal Actor","1","1","350","0","18.71","210","0","14.49","919","0","30.32","cooperation;voluntary-surrender;first-offense","organized-activity;prior-conviction:ten-plus-priors","cooperation;organized-activity;prior-conviction;voluntary-surrender;first-offense"
"offenses-against-health-and-morals","Offenses Against Health and Morals","opioid-possession-and-distribution","EF-PC-07-004","EF-PC-07-004-B","Opioid Possession and Distribution","felony-possession-of-opioids","Felony Possession of Opioids","felony","controlled-substance;felony;health-morals;licensing-status;possession","principal","Principal Actor","1","1","450","15","171.21","270","7","86.43","1681","31","351","cooperation;voluntary-surrender;first-offense","organized-activity;prior-conviction:ten-plus-priors;on-release","cooperation;organized-activity;prior-conviction;on-release;voluntary-surrender;first-offense"
"offenses-against-health-and-morals","Offenses Against Health and Morals","opioid-possession-and-distribution","EF-PC-07-004","EF-PC-07-004-C","Opioid Possession and Distribution","possession-of-opioids-with-intent-to-distribute","Possession of Opioids with Intent to Distribute","felony","commercial;controlled-substance;economic;felony;health-morals;possession;sale-transfer","principal","Principal Actor","1","1","1450","20","238.08","870","10","129.5","8681","40","493.17","cooperation;voluntary-surrender;first-offense","organized-activity;high-value-loss;prior-conviction:ten-plus-priors;on-release","cooperation;organized-activity;high-value-loss;prior-conviction;on-release;voluntary-surrender;first-offense"
"offenses-against-health-and-morals","Offenses Against Health and Morals","ketamine-possession-and-distribution","EF-PC-07-012","EF-PC-07-012-A","Ketamine Possession and Distribution","misdemeanor-possession-of-ketamine","Misdemeanor Possession of Ketamine","misdemeanor","misdemeanor","principal","Principal Actor","1","1","300","0","17.32","180","0","13.42","788","0","28.07","cooperation;voluntary-surrender;first-offense","organized-activity;prior-conviction:ten-plus-priors","cooperation;organized-activity;prior-conviction;voluntary-surrender;first-offense"
"offenses-against-health-and-morals","Offenses Against Health and Morals","ketamine-possession-and-distribution","EF-PC-07-012","EF-PC-07-012-B","Ketamine Possession and Distribution","felony-possession-of-ketamine","Felony Possession of Ketamine","felony","felony","principal","Principal Actor","1","1","750","15","177.39","450","7","91.21","2469","31","359.69","cooperation;voluntary-surrender;first-offense","organized-activity;prior-conviction:ten-plus-priors;on-release","cooperation;organized-activity;prior-conviction;on-release;voluntary-surrender;first-offense"
"offenses-against-health-and-morals","Offenses Against Health and Morals","ketamine-possession-and-distribution","EF-PC-07-012","EF-PC-07-012-C","Ketamine Possession and Distribution","possession-of-ketamine-with-intent-to-distribute","Possession of Ketamine with Intent to Distribute","felony","felony","principal","Principal Actor","1","1","1500","20","238.73","900","10","130","8813","40","493.88","cooperation;voluntary-surrender;first-offense","organized-activity;high-value-loss;prior-conviction:ten-plus-priors;on-release","cooperation;organized-activity;high-value-loss;prior-conviction;on-release;voluntary-surrender;first-offense"
"offenses-against-health-and-morals","Offenses Against Health and Morals","possession-of-drug-paraphernalia","EF-PC-07-005","EF-PC-07-005-A","Possession of Drug Paraphernalia","possession-of-drug-paraphernalia","Possession of Drug Paraphernalia","misdemeanor","controlled-substance;health-morals;misdemeanor;possession","principal","Principal Actor","1","1","350","5","68.71","210","2","34.49","613","6","84.76","cooperation;voluntary-surrender;first-offense","prior-conviction:ten-plus-priors","cooperation;prior-conviction;voluntary-surrender;first-offense"
"offenses-against-health-and-morals","Offenses Against Health and Morals","possession-of-drug-manufacturing-materials","EF-PC-07-006","EF-PC-07-006-A","Possession of Drug Manufacturing Materials","possession-of-drug-manufacturing-materials","Possession of Drug Manufacturing Materials","felony","controlled-substance;felony;health-morals;manufacturing-production;possession","principal","Principal Actor","1","1","750","7","97.39","450","3","51.21","2469","17","219.69","cooperation;voluntary-surrender;first-offense","organized-activity;prior-conviction:ten-plus-priors;on-release","cooperation;organized-activity;prior-conviction;on-release;voluntary-surrender;first-offense"
"offenses-against-health-and-morals","Offenses Against Health and Morals","controlled-substance-sale-and-trafficking","EF-PC-07-007","EF-PC-07-007-A","Controlled Substance Sale and Trafficking","sale-of-a-controlled-substance","Sale of a Controlled Substance","felony","commercial;controlled-substance;economic;health-morals;misdemeanor;sale-transfer","principal","Principal Actor","1","1","1500","20","238.73","900","10","130","8813","40","493.88","cooperation;voluntary-surrender;first-offense","organized-activity;high-value-loss;prior-conviction:ten-plus-priors;on-release","cooperation;organized-activity;high-value-loss;prior-conviction;on-release;voluntary-surrender;first-offense"
"offenses-against-health-and-morals","Offenses Against Health and Morals","controlled-substance-sale-and-trafficking","EF-PC-07-007","EF-PC-07-007-B","Controlled Substance Sale and Trafficking","drug-trafficking","Drug Trafficking","felony","commercial;controlled-substance;economic;felony;health-morals;licensing-status;sale-transfer","principal","Principal Actor","1","1","5000","60","670.71","3000","29","344.77","18000","108","1214.16","cooperation;voluntary-surrender;first-offense","organized-activity;high-value-loss;prior-conviction:ten-plus-priors;on-release","cooperation;organized-activity;high-value-loss;prior-conviction;on-release;voluntary-surrender;first-offense"
"offenses-against-health-and-morals","Offenses Against Health and Morals","driving-under-the-influence-of-narcotics","EF-PC-07-008","EF-PC-07-008-A","Driving Under the Influence of Narcotics","driving-under-the-influence-of-narcotics","Driving Under the Influence of Narcotics","felony","alcohol-intoxication;controlled-substance;felony;health-morals","principal","Principal Actor","1","1","300","20","217.32","180","7","83.42","1550","40","439.37","cooperation;minor-injury;medical-aid-rendered;voluntary-surrender;first-offense","public-servant-victim;multiple-victims;prior-conviction:ten-plus-priors;on-release","public-servant-victim;cooperation;minor-injury;multiple-victims;medical-aid-rendered;prior-conviction;on-release;voluntary-surrender;first-offense"
"offenses-against-health-and-morals","Offenses Against Health and Morals","public-intoxication","EF-PC-07-009","EF-PC-07-009-A","Public Intoxication","public-intoxication","Public Intoxication","infraction","alcohol-intoxication;controlled-substance;health-morals;infraction;justice-system;public-order","principal","Principal Actor","1","1","150","0","12.25","75","0","8.66","150","0","12.25","citation-discretion","","citation-discretion"
"offenses-against-health-and-morals","Offenses Against Health and Morals","public-indecency","EF-PC-07-010","EF-PC-07-010-A","Public Indecency","public-indecency","Public Indecency","infraction","health-morals;infraction;sexual-public-morals","principal","Principal Actor","1","1","200","0","14.14","100","0","10","200","0","14.14","citation-discretion","","citation-discretion"
"offenses-against-health-and-morals","Offenses Against Health and Morals","moonshine-offenses","EF-PC-07-011","EF-PC-07-011-A","Moonshine Offenses","unlawful-production-of-moonshine","Unlawful Production of Moonshine","misdemeanor","alcohol-intoxication;felony;health-morals;licensing-status;manufacturing-production","principal","Principal Actor","1","1","750","5","77.39","450","2","41.21","6344","9","169.65","cooperation;voluntary-surrender;first-offense","organized-activity;high-value-loss;prior-conviction:ten-plus-priors","cooperation;organized-activity;high-value-loss;prior-conviction;voluntary-surrender;first-offense"
"offenses-against-health-and-morals","Offenses Against Health and Morals","moonshine-offenses","EF-PC-07-011","EF-PC-07-011-B","Moonshine Offenses","distribution-of-illegal-moonshine","Distribution of Illegal Moonshine","misdemeanor","alcohol-intoxication;commercial;economic;health-morals;misdemeanor;possession;sale-transfer","principal","Principal Actor","1","1","350","5","68.71","210","2","34.49","5294","9","162.76","cooperation;voluntary-surrender;first-offense","organized-activity;high-value-loss;prior-conviction:ten-plus-priors","cooperation;organized-activity;high-value-loss;prior-conviction;voluntary-surrender;first-offense"
"offenses-against-health-and-morals","Offenses Against Health and Morals","unauthorized-medical-practice","EF-PC-07-013","EF-PC-07-013-A","Medical Practice and Privacy Offenses","unauthorized-medical-practice","Unauthorized Medical Practice","misdemeanor","health-morals;licensing-status;medical-practice;misdemeanor","principal","Principal Actor","1","1","750","10","127.39","450","5","71.21","1969","26","304.37","cooperation;voluntary-surrender;first-offense","multiple-victims;organized-activity;prior-conviction:ten-plus-priors","cooperation;organized-activity;multiple-victims;prior-conviction;voluntary-surrender;first-offense"
"offenses-against-health-and-morals","Offenses Against Health and Morals","unauthorized-medical-practice","EF-PC-07-013","EF-PC-07-013-B","Medical Practice and Privacy Offenses","medical-scope-of-practice-violation","Medical Scope-of-Practice Violation","misdemeanor","health-morals;licensing-status;medical-practice;misdemeanor","principal","Principal Actor","1","1","1000","15","181.62","600","6","84.49","1750","23","271.83","cooperation;medical-aid-rendered;voluntary-surrender;first-offense","multiple-victims;prior-conviction:ten-plus-priors","cooperation;multiple-victims;medical-aid-rendered;prior-conviction;voluntary-surrender;first-offense"
"offenses-against-health-and-morals","Offenses Against Health and Morals","unauthorized-medical-practice","EF-PC-07-013","EF-PC-07-013-C","Medical Practice and Privacy Offenses","aggravated-unauthorized-medical-practice","Aggravated Unauthorized Medical Practice","felony","controlled-substance;felony;health-morals;licensing-status;medical-practice","principal","Principal Actor","1","1","2000","25","294.72","1200","10","134.64","7875","35","438.74","cooperation;medical-aid-rendered;voluntary-surrender;first-offense","multiple-victims;high-value-loss;prior-conviction:ten-plus-priors","cooperation;high-value-loss;multiple-victims;medical-aid-rendered;prior-conviction;voluntary-surrender;first-offense"
"offenses-against-health-and-morals","Offenses Against Health and Morals","unauthorized-medical-practice","EF-PC-07-013","EF-PC-07-013-D","Medical Practice and Privacy Offenses","medical-title-misuse","Medical Title Misuse","misdemeanor","health-morals;licensing-status;medical-practice;misdemeanor","principal","Principal Actor","1","1","500","5","72.36","300","2","37.32","875","12","149.58","cooperation;voluntary-surrender;first-offense","multiple-victims;prior-conviction:ten-plus-priors","cooperation;multiple-victims;prior-conviction;voluntary-surrender;first-offense"
"offenses-against-health-and-morals","Offenses Against Health and Morals","unauthorized-medical-practice","EF-PC-07-013","EF-PC-07-013-E","Medical Practice and Privacy Offenses","medical-credential-fraud","Medical Credential Fraud","felony","felony;fraud-related;health-morals;licensing-status;medical-practice","principal","Principal Actor","1","1","1500","20","238.73","900","10","130","8813","48","573.88","cooperation;voluntary-surrender;first-offense","multiple-victims;organized-activity;high-value-loss;prior-conviction:ten-plus-priors;on-release","cooperation;organized-activity;high-value-loss;multiple-victims;prior-conviction;on-release;voluntary-surrender;first-offense"
"offenses-against-health-and-morals","Offenses Against Health and Morals","unauthorized-medical-practice","EF-PC-07-013","EF-PC-07-013-F","Medical Practice and Privacy Offenses","prescription-fraud","Prescription Fraud","felony","controlled-substance;felony;fraud-related;health-morals;licensing-status;medical-practice","principal","Principal Actor","1","1","1500","20","238.73","900","10","130","8813","48","573.88","cooperation;voluntary-surrender;first-offense","multiple-victims;organized-activity;high-value-loss;prior-conviction:ten-plus-priors;on-release","cooperation;organized-activity;high-value-loss;multiple-victims;prior-conviction;on-release;voluntary-surrender;first-offense"
"offenses-against-health-and-morals","Offenses Against Health and Morals","unauthorized-medical-practice","EF-PC-07-013","EF-PC-07-013-G","Medical Practice and Privacy Offenses","medical-information-privacy-violation","Medical Information Privacy Violation","misdemeanor","health-morals;licensing-status;medical-practice;misdemeanor;privacy","principal","Principal Actor","1","1","1000","10","131.62","600","5","74.49","6125","17","248.26","cooperation;voluntary-surrender;first-offense","multiple-victims;high-value-loss;prior-conviction:ten-plus-priors","cooperation;high-value-loss;multiple-victims;prior-conviction;voluntary-surrender;first-offense"
"offenses-against-public-safety","Offenses Against Public Safety","criminal-possession-of-weapons","EF-PC-08-001","EF-PC-08-001-A","Criminal Possession of Weapons","criminal-possession-of-weapon-class-a","Criminal Possession of Weapon Class A","misdemeanor","explosive-related;felony;firearm-related;licensing-status;possession;public-safety;weapon-related","principal","Principal Actor","1","1","250","5","65.81","150","2","32.25","438","6","80.93","cooperation;voluntary-surrender;first-offense","prior-conviction:ten-plus-priors","cooperation;prior-conviction;voluntary-surrender;first-offense"
"offenses-against-public-safety","Offenses Against Public Safety","criminal-possession-of-weapons","EF-PC-08-001","EF-PC-08-001-B","Criminal Possession of Weapons","criminal-possession-of-weapon-class-b","Criminal Possession of Weapon Class B","felony","explosive-related;felony;firearm-related;licensing-status;possession;public-safety;weapon-related","principal","Principal Actor","1","1","2000","10","144.72","1200","5","84.64","4000","17","233.25","cooperation;voluntary-surrender;first-offense","prior-conviction:ten-plus-priors;on-release","cooperation;prior-conviction;voluntary-surrender;first-offense;on-release"
"offenses-against-public-safety","Offenses Against Public Safety","criminal-possession-of-weapons","EF-PC-08-001","EF-PC-08-001-C","Criminal Possession of Weapons","criminal-possession-of-weapon-class-c","Criminal Possession of Weapon Class C","felony","explosive-related;felony;firearm-related;licensing-status;possession;public-safety;weapon-related","principal","Principal Actor","1","1","5000","15","220.71","3000","7","124.77","9250","22","316.18","cooperation;voluntary-surrender;first-offense","prior-conviction:ten-plus-priors;on-release","cooperation;prior-conviction;voluntary-surrender;first-offense;on-release"
"offenses-against-public-safety","Offenses Against Public Safety","criminal-possession-of-weapons","EF-PC-08-001","EF-PC-08-001-D","Criminal Possession of Weapons","criminal-possession-of-weapon-class-d","Criminal Possession of Weapon Class D","felony","explosive-related;felony;firearm-related;licensing-status;possession;public-safety;weapon-related","principal","Principal Actor","1","1","7500","20","286.6","4500","10","167.08","13625","28","396.73","cooperation;voluntary-surrender;first-offense","prior-conviction:ten-plus-priors;on-release","cooperation;prior-conviction;voluntary-surrender;first-offense;on-release"
"offenses-against-public-safety","Offenses Against Public Safety","criminal-sale-of-weapons","EF-PC-08-002","EF-PC-08-002-A","Criminal Sale of Weapons","criminal-sale-of-weapon-class-a","Criminal Sale of Weapon Class A","felony","commercial;economic;felony;public-safety;sale-transfer;weapon-related","principal","Principal Actor","1","1","450","25","271.21","270","12","136.43","6056","48","557.82","cooperation;voluntary-surrender;first-offense","organized-activity;high-value-loss;prior-conviction:ten-plus-priors;on-release","cooperation;organized-activity;high-value-loss;prior-conviction;on-release;voluntary-surrender;first-offense"
"offenses-against-public-safety","Offenses Against Public Safety","criminal-sale-of-weapons","EF-PC-08-002","EF-PC-08-002-B","Criminal Sale of Weapons","criminal-sale-of-weapon-class-b","Criminal Sale of Weapon Class B","felony","commercial;economic;felony;firearm-related;public-safety;sale-transfer;weapon-related","principal","Principal Actor","1","1","5000","10","170.71","3000","5","104.77","18000","22","354.16","cooperation;voluntary-surrender;first-offense","organized-activity;high-value-loss;prior-conviction:ten-plus-priors;on-release","cooperation;organized-activity;high-value-loss;prior-conviction;voluntary-surrender;first-offense;on-release"
"offenses-against-public-safety","Offenses Against Public Safety","criminal-sale-of-weapons","EF-PC-08-002","EF-PC-08-002-C","Criminal Sale of Weapons","criminal-sale-of-weapon-class-c","Criminal Sale of Weapon Class C","felony","commercial;economic;felony;firearm-related;public-safety;sale-transfer;weapon-related","principal","Principal Actor","1","1","9000","15","244.87","5400","7","143.48","28500","31","478.82","cooperation;voluntary-surrender;first-offense","organized-activity;high-value-loss;prior-conviction:ten-plus-priors;on-release","cooperation;organized-activity;high-value-loss;prior-conviction;voluntary-surrender;first-offense;on-release"
"offenses-against-public-safety","Offenses Against Public Safety","criminal-sale-of-weapons","EF-PC-08-002","EF-PC-08-002-D","Criminal Sale of Weapons","criminal-sale-of-weapon-class-d","Criminal Sale of Weapon Class D","felony","commercial;economic;explosive-related;felony;public-safety;sale-transfer;weapon-related","principal","Principal Actor","1","1","12000","60","709.54","7200","29","374.85","36375","108","1270.72","cooperation;voluntary-surrender;first-offense","organized-activity;high-value-loss;prior-conviction:ten-plus-priors;on-release","cooperation;organized-activity;high-value-loss;prior-conviction;on-release;voluntary-surrender;first-offense"
"offenses-against-public-safety","Offenses Against Public Safety","criminal-use-of-weapons-and-explosives","EF-PC-08-003","EF-PC-08-003-A","Criminal Use of Weapons and Explosives","criminal-use-of-weapon","Criminal Use of Weapon","felony","explosive-related;firearm-related;misdemeanor;public-safety;weapon-related","principal","Principal Actor","1","1","4000","22","283.25","2400","9","138.99","20125","55","691.86","cooperation;medical-aid-rendered;voluntary-surrender;first-offense","public-servant-victim;firearm-discharged;multiple-victims;occupied-structure-or-vehicle;prior-conviction:ten-plus-priors","public-servant-victim;cooperation;multiple-victims;firearm-discharged;occupied-structure-or-vehicle;medical-aid-rendered;prior-conviction;voluntary-surrender;first-offense"
"offenses-against-public-safety","Offenses Against Public Safety","criminal-use-of-weapons-and-explosives","EF-PC-08-003","EF-PC-08-003-B","Criminal Use of Weapons and Explosives","criminal-use-of-explosives","Criminal Use of Explosives","felony","explosive-related;felony;firearm-related;public-safety;weapon-related","principal","Principal Actor","1","1","5000","30","370.71","3000","12","174.77","25656","60","760.17","cooperation;medical-aid-rendered;voluntary-surrender;first-offense","public-servant-victim;multiple-victims;high-value-loss;occupied-structure-or-vehicle;prior-conviction:ten-plus-priors;on-release","public-servant-victim;cooperation;multiple-victims;medical-aid-rendered;high-value-loss;occupied-structure-or-vehicle;prior-conviction;on-release;voluntary-surrender;first-offense"
"offenses-against-public-safety","Offenses Against Public Safety","illegal-firearm-configuration","EF-PC-08-004","EF-PC-08-004-A","Illegal Firearm Configuration","possession-of-illegal-firearm-modifications","Possession of Illegal Firearm Modifications","misdemeanor","firearm-related;misdemeanor;possession;public-safety;weapon-related","principal","Principal Actor","1","1","4000","5","113.25","2400","2","68.99","7000","6","143.67","cooperation;voluntary-surrender;first-offense","prior-conviction:ten-plus-priors","cooperation;prior-conviction;voluntary-surrender;first-offense"
"offenses-against-public-safety","Offenses Against Public Safety","illegal-firearm-configuration","EF-PC-08-004","EF-PC-08-004-B","Illegal Firearm Configuration","possession-of-firearms-without-serial-numbers","Possession of Firearms Without Serial Numbers","misdemeanor","firearm-related;licensing-status;misdemeanor;possession;public-safety;weapon-related","principal","Principal Actor","1","1","2500","5","100","1500","2","58.73","4375","6","126.14","cooperation;voluntary-surrender;first-offense","prior-conviction:ten-plus-priors","cooperation;prior-conviction;voluntary-surrender;first-offense"
"offenses-against-public-safety","Offenses Against Public Safety","weapon-trafficking","EF-PC-08-005","EF-PC-08-005-A","Weapon Trafficking","weapon-trafficking","Weapon Trafficking","felony","commercial;economic;felony;firearm-related;public-safety;sale-transfer;weapon-related","principal","Principal Actor","1","1","11000","45","554.88","6600","22","301.24","33750","83","1013.71","cooperation;voluntary-surrender;first-offense","organized-activity;high-value-loss;prior-conviction:ten-plus-priors;on-release","cooperation;organized-activity;high-value-loss;prior-conviction;on-release;voluntary-surrender;first-offense"
"offenses-against-public-safety","Offenses Against Public Safety","illegal-manufacturing-of-firearms","EF-PC-08-006","EF-PC-08-006-A","Illegal Manufacturing of Firearms","illegal-manufacturing-of-firearms","Illegal Manufacturing of Firearms","felony","felony;firearm-related;licensing-status;manufacturing-production;public-safety;weapon-related","principal","Principal Actor","1","1","6000","20","277.46","3600","10","160","20625","40","543.61","cooperation;voluntary-surrender;first-offense","organized-activity;high-value-loss;prior-conviction:ten-plus-priors;on-release","cooperation;organized-activity;high-value-loss;prior-conviction;on-release;voluntary-surrender;first-offense"
"offenses-against-public-safety","Offenses Against Public Safety","brandishing-weapons","EF-PC-08-007","EF-PC-08-007-A","Brandishing Weapons","brandishing-a-weapon","Brandishing a Weapon","misdemeanor","firearm-related;misdemeanor;public-order;public-safety;violent;weapon-related","principal","Principal Actor","1","1","500","2","42.36","300","1","27.32","875","2","49.58","cooperation;voluntary-surrender;first-offense","prior-conviction:ten-plus-priors","cooperation;prior-conviction;voluntary-surrender;first-offense"
"offenses-against-public-safety","Offenses Against Public Safety","brandishing-weapons","EF-PC-08-007","EF-PC-08-007-B","Brandishing Weapons","brandishing-a-firearm","Brandishing a Firearm","misdemeanor","firearm-related;misdemeanor;public-order;public-safety;violent;weapon-related","principal","Principal Actor","1","1","2500","5","100","1500","2","58.73","4375","6","126.14","cooperation;voluntary-surrender;first-offense","prior-conviction:ten-plus-priors","cooperation;prior-conviction;voluntary-surrender;first-offense"
"offenses-against-public-safety","Offenses Against Public Safety","insurrection","EF-PC-08-008","EF-PC-08-008-A","Insurrection","insurrection","Insurrection","felony","felony;government;organized-activity;public-order;public-safety","principal","Principal Actor","1","1","20000","120","1341.42","12000","58","689.54","53000","212","2350.22","cooperation;voluntary-surrender;first-offense","organized-activity;prior-conviction:ten-plus-priors;on-release","cooperation;organized-activity;prior-conviction;on-release;voluntary-surrender;first-offense"
"offenses-against-public-safety","Offenses Against Public Safety","flying-into-restricted-airspace","EF-PC-08-009","EF-PC-08-009-A","Flying into Restricted Airspace","flying-into-restricted-airspace","Flying into Restricted Airspace","felony","felony;licensing-status;public-safety","principal","Principal Actor","1","1","750","10","127.39","450","5","71.21","1313","12","156.24","cooperation;voluntary-surrender;first-offense","prior-conviction:ten-plus-priors","cooperation;prior-conviction;voluntary-surrender;first-offense"
"offenses-against-public-safety","Offenses Against Public Safety","jaywalking","EF-PC-08-010","EF-PC-08-010-A","Jaywalking","jaywalking","Jaywalking","infraction","commercial;economic;infraction;public-safety;sale-transfer","principal","Principal Actor","1","1","100","0","10","50","0","7.07","100","0","10","citation-discretion","","citation-discretion"
"offenses-against-public-safety","Offenses Against Public Safety","improper-firearm-storage-and-handling","EF-PC-08-011","EF-PC-08-011-A","Improper Firearm Storage and Handling","improper-storage-of-firearm","Improper Storage of Firearm","misdemeanor","firearm-related;licensing-status;misdemeanor;public-safety;weapon-related","principal","Principal Actor","1","1","1500","5","88.73","900","1","40","2625","6","111.23","cooperation;minor-injury;voluntary-surrender;first-offense","prior-conviction:ten-plus-priors","cooperation;minor-injury;prior-conviction;voluntary-surrender;first-offense"
"offenses-against-public-safety","Offenses Against Public Safety","improper-firearm-storage-and-handling","EF-PC-08-011","EF-PC-08-011-B","Improper Firearm Storage and Handling","improper-handling-of-firearm","Improper Handling of Firearm","misdemeanor","firearm-related;licensing-status;misdemeanor;public-safety;weapon-related","principal","Principal Actor","1","1","1500","5","88.73","900","1","40","2625","6","111.23","cooperation;minor-injury;voluntary-surrender;first-offense","prior-conviction:ten-plus-priors","cooperation;minor-injury;prior-conviction;voluntary-surrender;first-offense"
"offenses-against-public-safety","Offenses Against Public Safety","criminal-possession-of-ammunition","EF-PC-08-012","EF-PC-08-012-A","Criminal Possession of Ammunition","criminal-possession-of-ammunition","Criminal Possession of Ammunition","misdemeanor","felony;firearm-related;government;justice-system;licensing-status;possession;public-safety;weapon-related","principal","Principal Actor","1","1","500","5","72.36","300","2","37.32","875","6","89.58","cooperation;voluntary-surrender;first-offense","prior-conviction:ten-plus-priors","cooperation;prior-conviction;voluntary-surrender;first-offense"
"offenses-involving-the-operation-of-a-vehicle","Offenses Involving the Operation of a Vehicle","driving-while-intoxicated","EF-PC-09-001","EF-PC-09-001-A","Driving While Intoxicated","driving-while-intoxicated","Driving While Intoxicated","misdemeanor","alcohol-intoxication;misdemeanor;traffic;vehicle","principal","Principal Actor","1","1","100","5","60","60","1","17.75","350","13","148.71","cooperation;minor-injury;voluntary-surrender;first-offense","public-servant-victim;multiple-victims;prior-conviction:ten-plus-priors","public-servant-victim;cooperation;minor-injury;multiple-victims;prior-conviction;voluntary-surrender;first-offense"
"offenses-involving-the-operation-of-a-vehicle","Offenses Involving the Operation of a Vehicle","evading","EF-PC-09-002","EF-PC-09-002-A","Evading","evading","Evading","misdemeanor","government;justice-system;misdemeanor;traffic;vehicle","principal","Principal Actor","1","1","350","10","118.71","210","5","64.49","613","12","144.76","cooperation;voluntary-surrender;first-offense","prior-conviction:ten-plus-priors","cooperation;prior-conviction;voluntary-surrender;first-offense"
"offenses-involving-the-operation-of-a-vehicle","Offenses Involving the Operation of a Vehicle","evading","EF-PC-09-002","EF-PC-09-002-B","Evading","reckless-evading","Reckless Evading","felony","felony;government;justice-system;traffic;vehicle","principal","Principal Actor","1","1","1500","20","238.73","900","10","130","3125","28","335.9","cooperation;voluntary-surrender;first-offense","prior-conviction:ten-plus-priors;on-release","cooperation;prior-conviction;on-release;voluntary-surrender;first-offense"
"offenses-involving-the-operation-of-a-vehicle","Offenses Involving the Operation of a Vehicle","emergency-and-traffic-control-compliance","EF-PC-09-003","EF-PC-09-003-A","Emergency and Traffic Control Compliance","failure-to-yield-to-emergency-vehicle","Failure to Yield to Emergency Vehicle","infraction","infraction;licensing-status;traffic;vehicle","principal","Principal Actor","1","1","120","0","10.95","60","0","7.75","120","0","10.95","minor-injury;citation-discretion","","minor-injury;citation-discretion"
"offenses-involving-the-operation-of-a-vehicle","Offenses Involving the Operation of a Vehicle","emergency-and-traffic-control-compliance","EF-PC-09-003","EF-PC-09-003-B","Emergency and Traffic Control Compliance","failure-to-obey-traffic-control-device","Failure to Obey Traffic Control Device","infraction","commercial;economic;infraction;licensing-status;sale-transfer;traffic;vehicle","principal","Principal Actor","1","1","150","0","12.25","75","0","8.66","150","0","12.25","citation-discretion","","citation-discretion"
"offenses-involving-the-operation-of-a-vehicle","Offenses Involving the Operation of a Vehicle","vehicle-roadworthiness-and-equipment","EF-PC-09-004","EF-PC-09-004-A","Vehicle Roadworthiness and Equipment","unroadworthy-vehicle","Unroadworthy Vehicle","infraction","infraction;licensing-status;property-damage;traffic;vehicle","principal","Principal Actor","1","1","450","0","21.21","225","0","15","450","0","21.21","citation-discretion","","citation-discretion"
"offenses-involving-the-operation-of-a-vehicle","Offenses Involving the Operation of a Vehicle","vehicle-roadworthiness-and-equipment","EF-PC-09-004","EF-PC-09-004-B","Vehicle Roadworthiness and Equipment","driving-without-headlights-or-signals","Driving without Headlights or Signals","infraction","infraction;licensing-status;traffic;vehicle","principal","Principal Actor","1","1","100","0","10","50","0","7.07","100","0","10","citation-discretion","","citation-discretion"
"offenses-involving-the-operation-of-a-vehicle","Offenses Involving the Operation of a Vehicle","vehicle-roadworthiness-and-equipment","EF-PC-09-004","EF-PC-09-004-C","Vehicle Roadworthiness and Equipment","illegal-vehicle-modifications","Illegal Vehicle Modifications","infraction","infraction;licensing-status;traffic;vehicle","principal","Principal Actor","1","1","650","0","25.5","325","0","18.03","650","0","25.5","citation-discretion","","citation-discretion"
"offenses-involving-the-operation-of-a-vehicle","Offenses Involving the Operation of a Vehicle","vehicle-roadworthiness-and-equipment","EF-PC-09-004","EF-PC-09-004-D","Vehicle Roadworthiness and Equipment","commercial-vehicle-violation","Commercial Vehicle Violation","infraction","commercial;economic;infraction;licensing-status;traffic;vehicle","principal","Principal Actor","1","1","1000","0","31.62","500","0","22.36","1000","0","31.62","citation-discretion","","citation-discretion"
"offenses-involving-the-operation-of-a-vehicle","Offenses Involving the Operation of a Vehicle","vehicle-roadworthiness-and-equipment","EF-PC-09-004","EF-PC-09-004-E","Vehicle Roadworthiness and Equipment","operating-boat-without-required-safety-equipment","Operating Boat Without Required Safety Equipment","infraction","infraction;licensing-status;public-safety;traffic;vehicle","principal","Principal Actor","1","1","300","0","17.32","150","0","12.25","300","0","17.32","citation-discretion","","citation-discretion"
"offenses-involving-the-operation-of-a-vehicle","Offenses Involving the Operation of a Vehicle","unsafe-vehicle-operation","EF-PC-09-005","EF-PC-09-005-A","Unsafe Vehicle Operation","negligent-driving","Negligent Driving","infraction","infraction;traffic;vehicle","principal","Principal Actor","1","1","500","0","22.36","250","0","15.81","500","0","22.36","citation-discretion","","citation-discretion"
"offenses-involving-the-operation-of-a-vehicle","Offenses Involving the Operation of a Vehicle","unsafe-vehicle-operation","EF-PC-09-005","EF-PC-09-005-B","Unsafe Vehicle Operation","reckless-driving","Reckless Driving","misdemeanor","misdemeanor;traffic;vehicle","principal","Principal Actor","1","1","725","10","126.93","435","3","50.86","2538","20","250.38","cooperation;minor-injury;medical-aid-rendered;voluntary-surrender;first-offense","public-servant-victim;multiple-victims;prior-conviction:ten-plus-priors","public-servant-victim;cooperation;minor-injury;multiple-victims;medical-aid-rendered;prior-conviction;voluntary-surrender;first-offense"
"offenses-involving-the-operation-of-a-vehicle","Offenses Involving the Operation of a Vehicle","unsafe-vehicle-operation","EF-PC-09-005","EF-PC-09-005-C","Unsafe Vehicle Operation","motor-vehicle-contest","Motor Vehicle Contest","misdemeanor","licensing-status;misdemeanor;traffic;vehicle","principal","Principal Actor","1","1","1000","10","131.62","600","5","74.49","2625","17","221.23","cooperation;voluntary-surrender;first-offense","organized-activity;prior-conviction:ten-plus-priors","cooperation;organized-activity;prior-conviction;voluntary-surrender;first-offense"
"offenses-involving-the-operation-of-a-vehicle","Offenses Involving the Operation of a Vehicle","unsafe-vehicle-operation","EF-PC-09-005","EF-PC-09-005-D","Unsafe Vehicle Operation","public-disturbance-by-motor-vehicle","Public Disturbance by Motor Vehicle","infraction","infraction;traffic;vehicle","principal","Principal Actor","1","1","350","0","18.71","175","0","13.23","350","0","18.71","citation-discretion","","citation-discretion"
"offenses-involving-the-operation-of-a-vehicle","Offenses Involving the Operation of a Vehicle","speeding","EF-PC-09-006","EF-PC-09-006-A","Speeding","speeding-1-10","Speeding 1-10","infraction","infraction;traffic;vehicle","principal","Principal Actor","1","1","100","0","10","50","0","7.07","100","0","10","citation-discretion","","citation-discretion"
"offenses-involving-the-operation-of-a-vehicle","Offenses Involving the Operation of a Vehicle","speeding","EF-PC-09-006","EF-PC-09-006-B","Speeding","speeding-11-25","Speeding 11-25","infraction","infraction;traffic;vehicle","principal","Principal Actor","1","1","500","0","22.36","250","0","15.81","500","0","22.36","citation-discretion","","citation-discretion"
"offenses-involving-the-operation-of-a-vehicle","Offenses Involving the Operation of a Vehicle","speeding","EF-PC-09-006","EF-PC-09-006-C","Speeding","speeding-26-39","Speeding 26-39","infraction","infraction;traffic;vehicle","principal","Principal Actor","1","1","700","0","26.46","350","0","18.71","700","0","26.46","citation-discretion","","citation-discretion"
"offenses-involving-the-operation-of-a-vehicle","Offenses Involving the Operation of a Vehicle","speeding","EF-PC-09-006","EF-PC-09-006-D","Speeding","reckless-speeding-40","Reckless Speeding (40+)","misdemeanor","misdemeanor;traffic;vehicle","principal","Principal Actor","1","1","1100","0","33.17","825","0","28.72","1100","0","33.17","voluntary-surrender;first-offense","","voluntary-surrender;first-offense"
"offenses-involving-the-operation-of-a-vehicle","Offenses Involving the Operation of a Vehicle","operator-licensing-and-presentation","EF-PC-09-007","EF-PC-09-007-A","Operator Licensing and Presentation","unlicensed-operation-of-vehicle","Unlicensed Operation of Vehicle","infraction","infraction;licensing-status;traffic;vehicle","principal","Principal Actor","1","1","350","0","18.71","175","0","13.23","350","0","18.71","citation-discretion","","citation-discretion"
"offenses-involving-the-operation-of-a-vehicle","Offenses Involving the Operation of a Vehicle","operator-licensing-and-presentation","EF-PC-09-007","EF-PC-09-007-B","Operator Licensing and Presentation","failing-to-present-a-driver-s-license","Failing to Present a Driver's License","infraction","infraction;licensing-status;traffic;vehicle","principal","Principal Actor","1","1","200","0","14.14","100","0","10","200","0","14.14","citation-discretion","","citation-discretion"
"offenses-involving-the-operation-of-a-vehicle","Offenses Involving the Operation of a Vehicle","operator-licensing-and-presentation","EF-PC-09-007","EF-PC-09-007-C","Operator Licensing and Presentation","piloting-without-proper-licensing","Piloting without Proper Licensing","felony","felony;identity-document;licensing-status;traffic;vehicle","principal","Principal Actor","1","1","1500","20","238.73","900","10","130","2625","23","281.23","cooperation;voluntary-surrender;first-offense","prior-conviction:ten-plus-priors","cooperation;prior-conviction;voluntary-surrender;first-offense"
"offenses-involving-the-operation-of-a-vehicle","Offenses Involving the Operation of a Vehicle","traffic-movement-and-parking-violations","EF-PC-09-008","EF-PC-09-008-A","Traffic Movement and Parking Violations","illegal-u-turn","Illegal U-Turn","infraction","commercial;economic;infraction;licensing-status;sale-transfer;traffic;vehicle","principal","Principal Actor","1","1","100","0","10","50","0","7.07","100","0","10","citation-discretion","","citation-discretion"
"offenses-involving-the-operation-of-a-vehicle","Offenses Involving the Operation of a Vehicle","traffic-movement-and-parking-violations","EF-PC-09-008","EF-PC-09-008-B","Traffic Movement and Parking Violations","illegal-passing","Illegal Passing","infraction","commercial;economic;infraction;sale-transfer;traffic;vehicle","principal","Principal Actor","1","1","100","0","10","50","0","7.07","100","0","10","citation-discretion","","citation-discretion"
"offenses-involving-the-operation-of-a-vehicle","Offenses Involving the Operation of a Vehicle","traffic-movement-and-parking-violations","EF-PC-09-008","EF-PC-09-008-C","Traffic Movement and Parking Violations","failure-to-maintain-lane","Failure to Maintain Lane","infraction","infraction;traffic;vehicle","principal","Principal Actor","1","1","100","0","10","50","0","7.07","100","0","10","citation-discretion","","citation-discretion"
"offenses-involving-the-operation-of-a-vehicle","Offenses Involving the Operation of a Vehicle","traffic-movement-and-parking-violations","EF-PC-09-008","EF-PC-09-008-D","Traffic Movement and Parking Violations","illegal-turn","Illegal Turn","infraction","commercial;economic;infraction;sale-transfer;traffic;vehicle","principal","Principal Actor","1","1","100","0","10","50","0","7.07","100","0","10","citation-discretion","","citation-discretion"
"offenses-involving-the-operation-of-a-vehicle","Offenses Involving the Operation of a Vehicle","traffic-movement-and-parking-violations","EF-PC-09-008","EF-PC-09-008-E","Traffic Movement and Parking Violations","unauthorized-parking","Unauthorized Parking","infraction","infraction;licensing-status;regulatory;traffic;vehicle;wildlife-animal","principal","Principal Actor","1","1","100","0","10","50","0","7.07","100","0","10","citation-discretion","","citation-discretion"
"offenses-involving-the-operation-of-a-vehicle","Offenses Involving the Operation of a Vehicle","hit-and-run","EF-PC-09-009","EF-PC-09-009-A","Hit and Run","hit-and-run","Hit and Run","misdemeanor","licensing-status;misdemeanor;traffic;vehicle","principal","Principal Actor","1","1","500","10","122.36","113","3","40.63","1750","20","241.83","cooperation;minor-injury;medical-aid-rendered;restitution-made;voluntary-surrender;first-offense","public-servant-victim;multiple-victims;prior-conviction:ten-plus-priors","public-servant-victim;cooperation;restitution-made;minor-injury;multiple-victims;medical-aid-rendered;prior-conviction;voluntary-surrender;first-offense"
"offenses-involving-the-well-being-of-wildlife","Offenses Involving the Well-Being of Wildlife","hunting-violations","EF-PC-10-001","EF-PC-10-001-A","Hunting Violations","hunting-in-restricted-areas","Hunting in Restricted Areas","infraction","homicide;infraction;licensing-status;regulatory;violent;weapon-related;wildlife;wildlife-animal","principal","Principal Actor","1","1","450","0","21.21","225","0","15","450","0","21.21","citation-discretion","","citation-discretion"
"offenses-involving-the-well-being-of-wildlife","Offenses Involving the Well-Being of Wildlife","hunting-violations","EF-PC-10-001","EF-PC-10-001-B","Hunting Violations","unlicensed-hunting","Unlicensed Hunting","infraction","homicide;infraction;licensing-status;regulatory;violent;weapon-related;wildlife;wildlife-animal","principal","Principal Actor","1","1","450","0","21.21","225","0","15","450","0","21.21","citation-discretion","","citation-discretion"
"offenses-involving-the-well-being-of-wildlife","Offenses Involving the Well-Being of Wildlife","hunting-violations","EF-PC-10-001","EF-PC-10-001-C","Hunting Violations","hunting-with-a-non-hunting-weapon","Hunting with a Non-Hunting Weapon","misdemeanor","government;homicide;licensing-status;misdemeanor;regulatory;violent;weapon-related;wildlife;wildlife-animal","principal","Principal Actor","1","1","450","10","121.21","270","5","66.43","788","12","148.07","cooperation;voluntary-surrender;first-offense","prior-conviction:ten-plus-priors","cooperation;prior-conviction;voluntary-surrender;first-offense"
"offenses-involving-the-well-being-of-wildlife","Offenses Involving the Well-Being of Wildlife","hunting-violations","EF-PC-10-001","EF-PC-10-001-D","Hunting Violations","hunting-outside-of-hunting-hours","Hunting outside of Hunting Hours","infraction","homicide;infraction;licensing-status;regulatory;violent;weapon-related;wildlife;wildlife-animal","principal","Principal Actor","1","1","450","0","21.21","225","0","15","450","0","21.21","citation-discretion","","citation-discretion"
"offenses-involving-the-well-being-of-wildlife","Offenses Involving the Well-Being of Wildlife","hunting-violations","EF-PC-10-001","EF-PC-10-001-E","Hunting Violations","overhunting","Overhunting","misdemeanor","licensing-status;misdemeanor;possession;regulatory;weapon-related;wildlife;wildlife-animal","principal","Principal Actor","1","1","110","10","110.49","66","5","58.12","193","12","133.89","cooperation;voluntary-surrender;first-offense","prior-conviction:ten-plus-priors","cooperation;prior-conviction;voluntary-surrender;first-offense"
"offenses-involving-the-well-being-of-wildlife","Offenses Involving the Well-Being of Wildlife","hunting-violations","EF-PC-10-001","EF-PC-10-001-F","Hunting Violations","animal-poaching","Animal Poaching","felony","commercial;economic;felony;homicide;licensing-status;possession;regulatory;sale-transfer;violent;weapon-related;wildlife;wildlife-animal","principal","Principal Actor","1","1","1250","20","235.36","750","10","127.39","6563","23","311.01","cooperation;voluntary-surrender;first-offense","high-value-loss;prior-conviction:ten-plus-priors","cooperation;high-value-loss;prior-conviction;voluntary-surrender;first-offense"
"offenses-involving-the-well-being-of-wildlife","Offenses Involving the Well-Being of Wildlife","animal-cruelty","EF-PC-10-002","EF-PC-10-002-A","Animal Cruelty","animal-cruelty","Animal Cruelty","misdemeanor","homicide;misdemeanor;regulatory;violent;wildlife;wildlife-animal","principal","Principal Actor","1","1","450","10","121.21","270","3","46.43","788","17","198.07","cooperation;minor-injury;medical-aid-rendered;voluntary-surrender;first-offense","multiple-victims;prior-conviction:ten-plus-priors","cooperation;minor-injury;multiple-victims;medical-aid-rendered;prior-conviction;voluntary-surrender;first-offense"
"offenses-involving-the-well-being-of-wildlife","Offenses Involving the Well-Being of Wildlife","fishing-violations","EF-PC-10-003","EF-PC-10-003-A","Fishing Violations","fishing-in-an-unauthorized-zone","Fishing in an Unauthorized Zone","misdemeanor","commercial;economic;licensing-status;misdemeanor;possession;regulatory;sale-transfer;wildlife;wildlife-animal","principal","Principal Actor","1","1","3275","5","107.23","1965","2","64.33","5731","6","135.7","cooperation;voluntary-surrender;first-offense","prior-conviction:ten-plus-priors","cooperation;prior-conviction;voluntary-surrender;first-offense"
"offenses-involving-the-well-being-of-wildlife","Offenses Involving the Well-Being of Wildlife","fishing-violations","EF-PC-10-003","EF-PC-10-003-B","Fishing Violations","illegal-fishing","Illegal Fishing","misdemeanor","commercial;economic;misdemeanor;possession;regulatory;sale-transfer;wildlife;wildlife-animal","principal","Principal Actor","1","1","6250","5","129.06","3750","2","81.24","15313","6","183.75","cooperation;voluntary-surrender;first-offense","high-value-loss;prior-conviction:ten-plus-priors","cooperation;high-value-loss;prior-conviction;voluntary-surrender;first-offense"
"offenses-involving-the-well-being-of-wildlife","Offenses Involving the Well-Being of Wildlife","fishing-violations","EF-PC-10-003","EF-PC-10-003-C","Fishing Violations","overfishing","Overfishing","infraction","infraction;licensing-status;possession;regulatory;wildlife;wildlife-animal","principal","Principal Actor","1","1","600","0","24.49","300","0","17.32","3100","0","55.68","citation-discretion","high-value-loss","high-value-loss;citation-discretion"
"offenses-involving-the-well-being-of-wildlife","Offenses Involving the Well-Being of Wildlife","police-working-dog-murder","EF-PC-10-004","EF-PC-10-004-A","Killing of a Police Working Dog","murder-of-a-police-working-dog","Killing of a Police Working Dog","felony","felony;homicide;regulatory;violent;wildlife;wildlife-animal","principal","Principal Actor","1","1","4000","35","413.25","2040","12","165.17","10938","68","784.58","cooperation;medical-aid-rendered;minimal-participation;voluntary-surrender;first-offense","weapon-used;firearm-discharged;multiple-victims;prior-conviction:ten-plus-priors","cooperation;multiple-victims;medical-aid-rendered;prior-conviction;minimal-participation;voluntary-surrender;first-offense;firearm-discharged;weapon-used"
"offenses-involving-the-well-being-of-wildlife","Offenses Involving the Well-Being of Wildlife","police-working-dog-murder","EF-PC-10-004","EF-PC-10-004-A","Killing of a Police Working Dog","murder-of-a-police-working-dog","Killing of a Police Working Dog","felony","felony;homicide;regulatory;violent;wildlife;wildlife-animal","attempted","Attempted","0.75","0.67","3000","23","289.27","1530","8","119.12","8203","51","600.57","cooperation;medical-aid-rendered;minimal-participation;voluntary-surrender;first-offense","weapon-used;firearm-discharged;multiple-victims;prior-conviction:ten-plus-priors","cooperation;multiple-victims;medical-aid-rendered;prior-conviction;minimal-participation;voluntary-surrender;first-offense;firearm-discharged;weapon-used"
"offenses-involving-the-well-being-of-wildlife","Offenses Involving the Well-Being of Wildlife","police-working-dog-murder","EF-PC-10-004","EF-PC-10-004-A","Killing of a Police Working Dog","murder-of-a-police-working-dog","Killing of a Police Working Dog","felony","felony;homicide;regulatory;violent;wildlife;wildlife-animal","accessory","Accessory","0.4375","0.4444","1750","16","197.37","893","5","79.88","4785","40","469.17","cooperation;medical-aid-rendered;minimal-participation;voluntary-surrender;first-offense","weapon-used;firearm-discharged;multiple-victims;prior-conviction:ten-plus-priors","cooperation;multiple-victims;medical-aid-rendered;prior-conviction;minimal-participation;voluntary-surrender;first-offense;firearm-discharged;weapon-used"
